454.845123,-654.001953,3627.448486
449.548767,-641.302368,3638.189697
460.580780,-635.818604,3629.175049
466.312317,-644.606262,3617.619141
457.146057,-628.162354,3637.698975
446.658936,-630.791748,3644.558594
467.821747,-627.736084,3619.746582
473.072968,-632.358215,3607.937500
474.208832,-589.243469,3615.658447
478.644196,-582.462280,3606.895996
478.257965,-595.355164,3605.795654
472.561890,-598.785645,3614.420166
473.875946,-561.597595,3618.395752
467.687012,-554.046875,3628.524902
470.998108,-542.291382,3620.895752
476.241760,-549.677368,3609.373047
432.611450,-574.416626,3649.586914
438.422302,-567.060730,3649.963867
442.503265,-573.975647,3647.215576
436.043243,-580.307129,3646.852051
423.145905,-586.605347,3654.152100
424.339203,-591.180908,3649.280762
419.503845,-596.619263,3654.173828
419.322815,-591.554993,3660.346436
426.921692,-568.984741,3651.555908
433.214935,-561.111328,3651.856689
427.671204,-580.969055,3650.041992
425.760773,-577.059143,3653.899902
423.098633,-573.569336,3666.946777
424.703217,-578.201782,3664.198486
421.394135,-580.906860,3671.123047
419.975586,-575.054749,3671.879395
425.843689,-570.096924,3657.098389
426.501740,-574.161499,3659.397705
423.949158,-570.831726,3662.806641
422.263428,-567.571045,3660.158203
422.885468,-582.856506,3658.761963
419.915833,-586.766113,3665.770020
415.990173,-590.044617,3673.192383
416.967102,-582.110901,3678.821533
450.277527,-550.896912,3646.750732
444.743378,-559.282532,3649.243652
439.506592,-554.077942,3651.478027
444.784088,-547.305176,3649.958496
423.406555,-563.084961,3657.312012
427.326263,-545.479675,3661.829834
427.842072,-549.929688,3661.159180
421.598297,-551.883789,3665.425293
421.688873,-547.558594,3665.765625
456.632629,-533.233459,3641.084961
450.668732,-532.915833,3647.025635
451.376007,-524.778748,3646.085205
456.998871,-523.363464,3639.063477
449.163452,-517.933411,3646.713135
455.780518,-513.985046,3638.384277
445.111969,-498.526154,3643.320557
450.865173,-505.323242,3640.412842
444.727875,-511.927734,3649.076172
438.912415,-507.012482,3653.935303
425.374390,-514.067017,3661.886230
419.010132,-513.509888,3665.613037
424.403900,-499.671478,3666.303467
431.715210,-502.496124,3660.975098
426.477112,-538.065308,3658.433350
430.641571,-537.352295,3655.486328
431.081940,-539.631104,3657.478516
426.763428,-541.507568,3660.728271
434.984314,-536.464905,3653.436768
436.934296,-536.063538,3652.722656
436.585754,-537.962463,3653.790039
434.832642,-537.447510,3653.916992
432.692352,-537.081848,3654.492432
431.392700,-534.971497,3655.338135
433.911774,-535.586121,3654.003906
427.596802,-534.687866,3658.563477
414.374054,-534.558533,3667.833740
418.401855,-534.500977,3666.193848
416.863495,-539.361572,3664.241455
413.484680,-539.613220,3665.451416
434.769012,-540.361511,3655.312988
437.567139,-542.099060,3654.705322
433.590210,-545.929199,3657.593506
432.059357,-542.689941,3657.686768
440.569336,-544.085327,3653.176758
439.255432,-538.974304,3652.801025
442.735260,-539.641113,3651.347412
436.138733,-533.956726,3652.974121
439.454132,-531.759521,3651.769043
440.070953,-535.128418,3652.174561
437.018402,-528.259705,3652.992188
433.314423,-532.050354,3654.451660
429.498657,-530.612183,3657.865234
424.658142,-529.660828,3662.057129
427.292969,-523.645996,3659.845947
432.738800,-525.539124,3655.935791
435.663086,-549.962769,3655.237305
444.735535,-533.980957,3650.234375
448.080811,-540.887573,3648.110352
444.779999,-528.380493,3650.167480
442.510803,-523.311523,3650.989990
437.820435,-519.231934,3653.473877
431.678314,-516.212708,3657.513184
426.735352,-488.068115,3655.560059
435.562408,-492.580902,3650.317871
443.790802,-623.069153,3642.819092
452.814819,-621.447815,3639.537354
452.692535,-612.898560,3635.625488
454.751160,-615.003174,3635.202881
449.404724,-617.335022,3638.527588
448.451691,-614.505798,3637.993408
466.314545,-602.085083,3619.970947
461.251160,-604.968140,3624.539795
461.597443,-600.790527,3623.701172
468.009888,-595.186768,3620.556396
454.088074,-594.427734,3632.988770
458.415161,-594.962341,3629.095703
454.660461,-602.340210,3630.976074
451.489899,-601.998352,3633.776855
447.596375,-602.075867,3635.928467
443.237549,-602.696411,3637.333496
443.693146,-596.946289,3637.697754
448.937866,-595.358826,3635.917969
442.481171,-618.906189,3639.812744
434.942535,-618.676514,3639.606689
436.409180,-615.375549,3638.773926
442.661041,-615.665771,3639.220947
425.581635,-608.395142,3634.858887
426.851288,-611.124084,3635.319336
423.050903,-612.908752,3636.461670
422.145782,-608.146484,3636.484375
424.787384,-604.855652,3637.290527
426.990753,-606.638672,3635.802734
446.086029,-675.831970,3622.915283
440.681122,-660.017456,3634.307373
461.539246,-666.545776,3612.197754
471.471802,-653.233276,3602.683594
479.317841,-637.582153,3594.877197
464.120728,-536.576721,3632.201416
465.348846,-525.613770,3627.451904
473.022308,-531.451233,3613.364990
471.374664,-519.289001,3610.231934
463.567200,-513.778198,3626.166260
449.041748,-493.159088,3629.033936
458.334625,-502.393494,3626.762207
467.103668,-506.755402,3606.993652
475.490143,-517.153381,3587.691650
478.103180,-527.377258,3594.449707
479.261597,-530.930786,3571.345459
472.225769,-506.391479,3577.551025
476.647003,-527.718445,3561.760498
454.810883,-468.170990,3587.911377
457.183594,-454.966217,3584.078125
469.463837,-461.548309,3567.162598
467.800598,-474.219055,3571.158936
478.570496,-538.137695,3600.952881
480.279053,-604.915039,3596.190186
475.915344,-606.979797,3607.915283
482.566528,-590.699646,3594.805664
482.519226,-662.387939,3569.035645
477.836365,-660.324890,3587.277344
485.083069,-642.838928,3582.211182
489.562286,-646.927734,3565.679688
452.948608,-698.678528,3573.832520
451.608307,-689.654724,3600.739502
464.952911,-677.425293,3594.356201
468.127625,-683.737183,3572.294189
490.826141,-646.552185,3550.929443
491.724121,-644.491028,3532.085693
488.027008,-661.751099,3524.407715
485.598633,-664.271545,3547.797607
476.371613,-681.989258,3514.255859
473.154816,-686.898438,3543.119141
473.766510,-511.638092,3552.609619
475.059448,-531.231873,3546.712646
466.944397,-489.159180,3576.193604
473.159760,-494.265015,3555.314209
457.814819,-699.996216,3505.920654
454.271088,-704.827881,3541.262939
481.395538,-613.660950,3482.716064
484.769226,-633.575989,3490.611572
490.025330,-622.069458,3508.116699
487.648376,-605.325928,3499.105469
471.458282,-621.060120,3466.103271
474.681030,-644.944580,3474.141113
467.856964,-554.647095,3487.306641
460.337433,-537.481628,3495.926025
451.243988,-537.533325,3482.148438
457.930756,-554.315308,3471.575928
464.221344,-622.789124,3629.790283
459.167389,-617.999695,3634.507080
462.831238,-613.785645,3628.662842
468.026947,-616.146240,3622.614014
472.504456,-617.795044,3612.851807
477.158539,-619.377686,3600.653809
486.901978,-627.485107,3575.935791
490.986084,-632.949707,3561.746582
493.383301,-630.613525,3535.629639
492.973755,-632.731995,3550.396484
491.669250,-610.236206,3516.998535
490.156952,-599.596436,3511.372070
473.928864,-539.986389,3527.339111
471.370239,-516.872925,3531.872070
464.790527,-518.868774,3515.161133
467.508423,-538.942810,3510.166992
445.425781,-520.007568,3491.118164
455.458160,-519.553711,3502.327637
470.232422,-482.301392,3533.898438
470.631897,-467.816376,3530.041748
464.304047,-470.706940,3512.212158
462.938690,-484.281860,3516.617920
455.499115,-470.364929,3497.982178
444.011078,-469.385101,3488.204834
443.734528,-484.948059,3491.473877
453.462891,-485.689575,3502.233643
431.298187,-446.038177,3606.002930
432.658661,-434.925568,3601.648682
446.365295,-438.384094,3593.256592
443.408264,-450.061493,3596.733643
472.626434,-456.190735,3524.196533
467.238312,-460.532288,3506.108154
474.553070,-555.369629,3503.724365
478.835754,-558.198181,3516.438477
459.028351,-459.182220,3491.471436
454.031830,-501.203064,3504.415527
463.522552,-499.588959,3516.976807
434.866211,-520.386475,3481.705078
439.033112,-537.129761,3470.803955
429.961273,-585.847473,3646.789795
433.299225,-600.745056,3638.384521
433.929718,-604.682495,3637.633545
429.876465,-605.744385,3636.794678
428.653259,-602.590088,3637.901855
422.856689,-643.491333,3648.298340
420.401581,-626.826538,3649.728516
434.327240,-630.347107,3648.942871
436.730621,-643.850525,3645.264893
461.691711,-568.598022,3635.554199
452.128296,-575.868591,3641.703857
449.360107,-566.543701,3645.993164
455.914825,-557.784180,3642.137207
458.256714,-606.768738,3627.616699
459.988647,-608.916382,3627.497070
457.315277,-608.895142,3630.057373
453.784302,-542.664978,3644.184570
460.630707,-547.236206,3637.440674
482.677979,-575.257629,3595.746338
470.297455,-608.231323,3616.898926
430.826813,-710.910767,3577.017822
430.706635,-698.756042,3607.364014
435.202911,-713.197083,3500.108398
432.298615,-715.884827,3539.988525
459.180847,-655.675781,3458.886719
455.352051,-628.239746,3450.454590
434.166077,-632.504517,3439.760254
435.959930,-663.766052,3448.462891
444.236053,-554.083008,3459.720215
432.098328,-468.667969,3482.802490
431.613373,-485.747437,3483.910156
429.596863,-680.415039,3627.541260
425.439331,-660.888245,3639.557617
482.317200,-622.538513,3587.814941
473.210632,-580.318359,3619.886963
468.198853,-588.900024,3624.110596
465.658020,-585.033997,3629.156006
470.144257,-573.738464,3625.730469
476.778381,-570.273743,3611.805664
480.467529,-560.461060,3600.424805
483.731110,-550.595215,3585.860840
481.334137,-538.242920,3578.138916
490.758911,-636.872864,3516.372559
486.689392,-650.595459,3504.280762
476.406158,-666.845947,3489.500977
460.189331,-682.304688,3476.791260
492.477814,-626.107361,3522.265381
436.466461,-693.876160,3467.667969
420.787567,-556.862854,3663.654541
428.062195,-555.982544,3657.973389
418.797363,-561.774475,3662.701172
419.577911,-529.111206,3665.285156
414.988220,-528.953674,3667.155762
415.933685,-522.485107,3664.396729
421.338715,-522.789490,3662.703125
427.426056,-481.305145,3640.173828
437.744781,-486.232422,3634.526855
430.332733,-456.664093,3612.002930
441.655457,-461.346497,3601.820801
418.576050,-572.144409,3665.770996
416.789398,-572.451355,3666.274170
416.498291,-571.265320,3664.153076
418.785828,-571.146851,3663.572754
433.117340,-538.626770,3655.415771
416.463898,-548.025757,3668.113037
413.008057,-547.784668,3668.736816
413.149811,-543.761963,3667.283936
416.576141,-543.844910,3666.482422
456.682098,-492.482910,3605.351074
454.351593,-480.802246,3593.930908
473.528931,-463.602722,3550.586914
473.064758,-478.135773,3553.715088
470.195709,-498.191589,3534.450439
442.948944,-503.198669,3492.405518
433.466949,-502.381805,3483.059570
404.830902,-505.240448,3476.381348
405.229919,-521.638977,3473.158691
420.608459,-520.657410,3474.906250
418.801300,-503.929077,3478.170166
440.936981,-480.248505,3619.200439
429.345428,-475.206390,3626.675049
430.494324,-467.238495,3617.818604
441.439423,-472.373596,3608.227295
412.800903,-568.910095,3667.925537
411.417786,-567.884094,3669.732666
411.868408,-565.162781,3667.048584
413.733612,-567.546753,3665.908691
419.670593,-568.803162,3661.778809
417.189026,-567.706604,3662.213623
417.646545,-565.391174,3662.260742
420.258392,-572.073364,3666.349609
420.695679,-570.362671,3663.527344
415.270813,-573.153381,3671.588379
418.322876,-572.953552,3669.704346
415.549835,-573.670288,3676.975586
414.451050,-570.075012,3666.208984
415.014282,-568.611511,3664.582764
418.462128,-569.948303,3662.327637
416.629822,-569.614075,3662.739502
415.463348,-572.985657,3669.334961
417.416779,-572.713562,3667.903076
415.097137,-596.095032,3666.539795
408.499359,-597.569336,3669.678223
408.652466,-590.966614,3676.427490
408.831757,-582.757629,3682.546875
408.782654,-573.611877,3680.589844
419.928925,-463.924072,3623.113037
420.086029,-453.541931,3617.705811
409.178375,-660.727478,3639.626709
409.007507,-642.367554,3647.942139
434.096527,-536.917175,3653.826172
434.182678,-622.737366,3642.798584
459.220306,-583.793396,3634.985596
437.640106,-586.363892,3643.228516
444.393494,-581.585938,3643.154785
444.410095,-589.490173,3639.847412
438.125854,-592.660706,3640.389648
424.599243,-620.024292,3642.763916
415.051086,-616.655273,3648.526123
418.771423,-614.589722,3641.384277
418.368866,-607.874023,3641.953369
415.691132,-607.981567,3651.509033
420.117065,-600.285645,3647.588623
421.689087,-602.447388,3640.948730
455.427429,-611.035156,3632.753662
457.910858,-612.321777,3631.242676
425.409149,-595.083862,3644.534668
431.229706,-590.648438,3643.162109
432.140198,-595.641479,3640.098877
426.661285,-598.624268,3640.242188
451.320312,-586.229919,3638.187744
464.724518,-608.668457,3623.255371
460.867310,-597.203857,3625.616943
482.160370,-564.499268,3526.078857
478.532288,-552.847595,3533.633057
485.636383,-543.217041,3557.261475
483.700500,-538.927185,3560.535400
478.337616,-541.142883,3554.920410
483.253967,-545.653503,3552.030273
493.670807,-599.936890,3534.797852
492.933746,-607.546204,3531.275879
493.532898,-608.835327,3539.300781
492.977692,-600.854980,3538.145752
492.545441,-604.692505,3545.095215
492.268005,-608.073242,3547.787354
491.995087,-599.555603,3549.234619
492.016937,-599.872009,3545.399170
493.176056,-619.566956,3549.004883
490.588867,-617.533081,3559.569580
489.944153,-605.195496,3555.866699
484.926178,-603.073730,3581.076904
485.708740,-590.722412,3567.927002
487.295654,-599.470398,3562.578369
487.192108,-612.130859,3569.776123
484.196320,-544.749329,3565.111572
483.679901,-553.282227,3568.598389
476.914337,-545.183594,3544.967529
407.092926,-632.960754,3436.516846
407.465576,-667.021057,3444.806152
478.281647,-592.907654,3480.334473
467.466248,-597.399109,3464.297363
485.270325,-588.577759,3495.755127
487.558624,-586.501831,3509.533447
451.671051,-600.773682,3449.936035
430.458313,-603.748108,3438.800781
485.664490,-584.883667,3582.071289
485.015381,-578.149719,3569.821777
474.411377,-572.698792,3481.575439
462.424194,-574.997986,3466.057617
481.038971,-571.458740,3497.436768
484.172943,-572.833740,3511.196777
447.486145,-575.728394,3453.205078
425.826111,-552.749512,3453.221436
429.449127,-575.945862,3444.774902
487.672516,-554.567444,3555.824951
485.656097,-553.623291,3560.951904
485.617981,-546.909546,3559.878906
489.161743,-548.612732,3557.990723
485.493256,-568.677429,3582.684082
484.940369,-565.306580,3569.340088
415.516937,-601.935913,3660.097168
408.193542,-610.691040,3656.936035
408.401154,-604.105713,3663.337158
408.215027,-617.947815,3651.911377
407.837769,-718.927490,3538.973877
407.813568,-714.309509,3578.474365
407.682739,-696.840027,3464.115479
407.838104,-715.052734,3497.264160
413.487305,-513.613586,3667.468506
416.351746,-498.561676,3669.120117
415.536652,-557.163452,3666.623291
412.165344,-556.405029,3667.290527
412.708069,-551.945374,3668.412354
416.214172,-552.511169,3667.871826
427.948425,-616.590942,3638.008545
422.910431,-536.586426,3464.385742
417.491211,-486.740295,3480.209473
417.977051,-469.626007,3479.921875
446.611786,-457.225128,3481.838379
432.720886,-455.120148,3476.453369
411.743713,-560.855408,3666.662598
414.689331,-561.484985,3665.547852
414.556976,-572.177429,3667.963867
421.353851,-543.166992,3664.334229
414.428040,-564.832092,3664.897217
415.124359,-567.213684,3664.289062
409.715027,-564.506531,3667.810059
409.979218,-560.423218,3666.766357
438.381744,-598.845215,3638.520264
438.577484,-603.620850,3637.887695
412.455566,-570.080078,3673.336182
413.163849,-571.074341,3670.476562
408.784485,-569.201843,3674.163330
460.178619,-443.019562,3580.321289
471.389160,-448.257111,3562.868164
410.625397,-547.596680,3668.774902
410.664001,-543.526733,3667.469238
407.830505,-701.435242,3609.004395
403.428955,-552.979492,3453.685059
406.034912,-575.993652,3443.731201
486.875305,-582.483887,3559.880127
488.873260,-577.738281,3554.120605
490.194031,-585.097778,3551.772217
488.663574,-590.464844,3557.256836
420.624146,-443.270203,3611.624268
474.742462,-451.911499,3543.536621
417.962677,-455.141083,3473.614258
458.025909,-604.844238,3627.195068
456.791931,-603.302979,3628.510986
430.784454,-613.844666,3636.865234
407.098663,-603.903198,3436.415527
423.090637,-534.477417,3662.930664
421.331970,-538.892029,3661.930908
404.030884,-488.477356,3478.988770
419.273193,-472.158173,3630.768799
409.781464,-567.322876,3670.644043
405.163666,-536.293030,3463.309326
492.776123,-592.067139,3542.947021
494.534821,-590.393250,3546.355713
493.901764,-586.817200,3546.075928
492.157532,-587.713562,3544.509277
495.446777,-594.301270,3551.028809
496.662476,-590.394653,3548.886475
498.424561,-593.610168,3547.479980
496.936920,-597.878906,3548.542480
490.753632,-596.450195,3553.550781
493.219604,-590.116882,3552.163086
499.493866,-595.828979,3545.315674
499.401215,-598.952820,3546.309814
496.548126,-600.689636,3545.123291
492.690979,-600.689392,3541.749756
502.045563,-599.748962,3542.577881
498.139557,-602.031799,3540.398926
505.213501,-598.596008,3537.463623
500.275299,-601.265442,3534.782471
506.686401,-595.008972,3531.672852
500.740875,-597.162476,3528.800537
486.494873,-561.617920,3561.102539
486.867523,-561.551270,3553.390869
507.448792,-589.081055,3528.328125
500.357025,-589.965088,3526.051025
506.911469,-581.459351,3526.846436
499.964020,-581.957214,3525.276855
505.032410,-573.953003,3527.711426
499.411774,-573.630005,3526.252686
503.466553,-566.386475,3530.030762
497.793213,-565.116333,3528.863037
501.215210,-559.305054,3534.652344
495.192657,-555.563110,3533.413574
501.527252,-596.553162,3536.464111
502.877716,-592.941223,3532.469971
491.750366,-595.894165,3532.504639
500.116058,-597.724792,3541.416016
491.936096,-581.376221,3538.821777
489.997986,-584.038269,3538.410400
491.120087,-581.845520,3539.429688
489.696625,-580.499329,3536.661865
488.060944,-569.622742,3554.378906
489.187744,-569.263977,3550.071533
489.551971,-575.116516,3549.965088
487.586609,-564.862427,3549.768311
486.435120,-566.285034,3548.400146
486.050171,-570.034729,3548.461914
485.600067,-574.864380,3547.857422
486.985626,-564.624023,3546.428711
488.623322,-562.767822,3547.437744
485.697327,-565.911377,3545.866455
485.213470,-566.831970,3546.939453
484.143372,-569.153564,3545.825195
485.054749,-572.794067,3543.293457
486.689575,-572.384338,3561.094727
486.791962,-568.482300,3533.514160
484.214142,-559.185669,3537.811523
498.012115,-553.989075,3540.883789
493.985474,-547.704651,3540.749756
492.404602,-544.862244,3555.513184
494.067413,-543.142090,3548.912842
490.231415,-590.215210,3530.634521
490.181183,-583.196960,3529.348145
482.883087,-552.518982,3545.175781
489.371735,-576.053162,3529.897949
499.442749,-563.588989,3536.036377
496.261719,-560.132263,3540.355957
501.886719,-568.609741,3532.372314
490.145264,-559.177368,3549.511719
491.823486,-552.633057,3552.151855
495.389404,-552.097229,3546.977539
492.800598,-558.497925,3544.728027
497.998566,-566.988953,3538.467529
493.997986,-564.267761,3540.688232
494.320801,-569.995789,3538.400146
490.533112,-567.465759,3540.157715
488.125214,-565.241150,3543.365234
490.412018,-562.740356,3543.841553
486.079468,-569.807312,3539.476318
489.996338,-573.448425,3537.590088
485.422668,-567.058655,3543.327637
497.440979,-573.018433,3537.644043
499.690796,-577.056885,3536.413086
497.112335,-579.783936,3539.027100
493.657593,-576.444824,3537.833008
502.774719,-574.830383,3529.942871
502.283081,-575.511353,3533.592041
500.495667,-570.782166,3535.618896
502.981018,-581.330078,3532.325684
503.367889,-581.753479,3529.034668
500.823547,-581.487122,3534.934814
499.065521,-582.599731,3537.313232
501.962616,-590.883728,3534.597168
502.913116,-586.573669,3532.837402
503.720154,-588.207031,3529.786865
501.455475,-585.388794,3535.558105
500.505280,-588.755249,3536.749756
498.835571,-586.709229,3538.011475
499.823914,-585.040344,3536.706055
497.255493,-595.417236,3543.911621
495.845795,-593.543274,3545.735596
498.612610,-595.408203,3540.872559
496.275146,-595.673462,3541.934326
497.042877,-592.974976,3540.984863
494.707611,-594.620789,3542.372559
495.944977,-590.688232,3541.893066
493.864655,-587.590454,3542.239990
436.500061,-410.697357,3597.348145
434.686005,-422.469849,3598.686035
421.402710,-419.210022,3603.443604
421.918915,-408.325012,3600.780762
497.577118,-588.516296,3540.342041
498.820374,-591.078125,3538.863037
500.354279,-593.997070,3537.459473
494.981659,-583.772888,3540.103760
496.681274,-582.697876,3539.680908
497.700348,-584.417603,3539.241943
495.925720,-585.942139,3540.709717
489.574219,-579.687134,3549.062744
487.829193,-577.910767,3545.426758
488.309418,-575.379395,3541.447510
474.377808,-400.106018,3573.406982
489.390106,-409.885620,3557.726562
484.217072,-418.130310,3554.609863
470.002106,-409.853699,3570.472168
485.836823,-377.878723,3593.408691
488.839447,-359.782471,3604.656982
510.174225,-364.916779,3595.791748
508.976166,-386.314392,3573.729492
509.860291,-344.901733,3609.883301
489.127197,-341.316345,3615.263184
503.382385,-290.676788,3642.321777
506.009338,-307.966583,3632.248047
486.164948,-306.557343,3636.019287
484.159729,-289.745575,3646.198242
523.336609,-207.820297,3667.536377
510.668213,-209.765701,3671.228516
502.652161,-193.301941,3672.488525
516.682373,-189.626724,3666.953613
585.207825,-316.111420,3604.647949
597.719727,-304.448975,3600.398926
600.757507,-325.929474,3594.965820
586.619995,-336.706116,3596.855957
516.372253,-423.492432,3517.445801
507.807434,-427.562744,3515.102539
505.014191,-412.381226,3539.571533
514.408081,-406.633362,3544.207031
571.804260,-220.663742,3615.926270
566.776062,-230.646423,3626.589111
561.129272,-218.259583,3634.421631
565.730042,-208.343384,3626.018066
547.144165,-113.684341,3639.129150
530.349365,-113.306969,3658.758545
528.830627,-89.666687,3660.455078
546.200378,-90.251404,3639.887695
587.722046,-138.071228,3553.798096
585.824768,-115.718651,3556.243652
584.586060,-115.390678,3523.427979
586.962585,-135.128754,3521.208252
537.661499,-290.498566,3632.931152
541.434448,-308.355286,3623.278564
524.587769,-308.587158,3627.955322
521.342712,-291.113739,3637.741699
788.429688,-355.204010,3550.614746
760.233032,-354.830139,3551.963867
761.206360,-336.861084,3553.204102
789.519592,-337.373199,3551.039062
580.510071,-11.089616,3571.603516
583.325745,8.801788,3574.620605
585.189514,3.748693,3541.478027
580.650879,-15.475713,3540.358643
639.363403,-386.785614,3562.259277
638.160461,-405.092865,3541.058105
623.395813,-410.261230,3540.704346
624.067261,-392.835632,3563.673340
585.283752,-273.676270,3608.721924
591.449036,-287.675690,3604.814941
581.772156,-298.220947,3610.774658
576.482727,-282.025024,3616.239990
592.854065,-171.009415,3513.688477
596.231812,-189.630432,3509.058350
594.988892,-193.248825,3531.993652
593.210266,-174.666199,3540.018799
590.592834,-156.530319,3547.132568
589.560303,-153.207870,3517.880371
565.375793,-286.329254,3622.167480
569.088440,-305.023315,3614.933105
556.267151,-307.279633,3618.956055
552.275391,-288.910736,3627.811035
494.047302,-177.541870,3673.385742
511.559906,-173.156387,3666.111572
572.958923,15.064284,3605.609863
572.512268,-5.951501,3601.977051
558.399414,-0.417076,3628.592285
557.026489,21.526129,3631.794189
512.502441,-136.158386,3671.105713
530.821594,-134.961029,3657.341064
527.630493,-155.209656,3656.503906
510.746002,-156.329041,3667.948486
537.025330,26.937098,3654.390381
539.223694,4.545577,3651.878174
517.402710,8.100994,3673.027100
515.072327,32.714485,3675.783691
508.453918,-325.834869,3621.364990
487.935272,-323.550781,3625.555908
543.830750,-207.794754,3654.060547
534.744324,-207.254547,3661.775146
529.578552,-188.869598,3660.258057
540.349487,-190.035492,3652.537109
603.681091,-270.317017,3574.668945
613.044128,-282.620880,3570.270020
614.324097,-308.373993,3586.666992
605.505798,-288.124023,3590.599121
587.314392,23.464024,3544.416016
583.909485,29.287413,3578.189453
534.235535,51.418720,3655.399414
513.324341,58.394073,3676.417236
650.651001,-267.183899,3495.970459
648.570374,-271.280182,3511.447998
635.426514,-258.481384,3512.613037
639.460449,-255.057449,3497.303711
468.235931,-211.343689,3677.486572
477.896240,-189.689606,3677.378418
491.123657,-203.523666,3675.673096
484.896088,-220.800812,3675.149414
538.805115,-173.120193,3647.540527
526.480774,-172.136551,3657.199463
541.848633,-156.552795,3643.684326
450.223022,-200.296082,3677.394287
462.683685,-171.170700,3680.867188
466.615051,-321.478333,3630.270752
465.372650,-305.093323,3639.923584
467.476807,-337.931030,3621.343994
466.542267,-355.005585,3612.493896
445.366577,-351.919342,3618.465332
445.958893,-335.228638,3626.359375
464.273376,-371.279175,3604.053467
443.415588,-367.528992,3610.635742
455.793427,-392.503204,3585.833984
452.908936,-403.547668,3583.761475
597.427917,-274.124634,3594.222656
589.945435,-261.988159,3597.451904
554.569763,44.246002,3633.552002
527.087402,-345.611694,3413.644531
547.803894,-352.315125,3421.396240
545.689331,-332.364746,3416.226562
524.922241,-324.912537,3407.848145
528.615784,-408.038879,3545.718750
526.556213,-423.565582,3518.596436
614.236084,-278.586395,3446.529785
615.690735,-267.268066,3451.021484
604.148499,-258.001160,3445.857910
601.227356,-271.639618,3441.480957
649.233154,-270.950134,3471.644043
646.763916,-277.981567,3464.510742
663.759155,-286.918915,3461.610840
666.126526,-280.114655,3469.240234
579.368530,-0.120677,3511.032227
573.746094,-19.182615,3510.305664
555.025635,-149.671997,3446.155762
562.964661,-168.703827,3449.087158
575.664978,-160.364059,3468.030518
570.311584,-141.480804,3466.982666
421.020508,-311.900482,3412.773682
440.371338,-315.875458,3406.309570
440.441650,-298.672272,3403.700928
420.917999,-295.439789,3410.439697
482.385834,-347.803955,3408.281982
459.926849,-339.154419,3406.309570
459.039185,-355.546814,3411.855225
482.518311,-365.337585,3415.166016
504.521301,-337.444824,3406.574219
503.189697,-316.623688,3400.946289
589.142578,-172.989853,3489.787598
594.177124,-190.335190,3487.426758
602.801331,-215.169769,3484.630859
608.621094,-223.867050,3483.948975
608.729858,-224.683548,3501.343994
603.633118,-215.838730,3502.861816
499.974701,-432.865479,3512.673828
505.820465,-435.271820,3489.408447
496.255066,-438.934265,3486.838135
457.706238,-410.516052,3439.741699
469.621063,-415.660828,3444.442871
471.393188,-409.266357,3440.005371
457.076721,-403.240265,3434.591309
447.668091,-219.175735,3403.345215
451.355896,-196.029160,3406.174805
426.089508,-196.680389,3412.418945
424.735382,-218.621399,3409.698486
614.284912,-233.787384,3469.987061
610.746338,-238.816223,3459.696533
621.757751,-248.158829,3462.765137
624.900818,-242.013931,3471.432861
602.361572,-230.916672,3457.856445
605.884338,-226.158188,3469.739258
599.367737,-217.357880,3469.557129
594.541687,-222.354645,3456.343994
571.510437,-185.910278,3451.733887
581.069702,-201.398529,3453.777344
589.139343,-194.874680,3469.420654
582.089355,-178.438812,3469.366699
427.930511,-118.413300,3423.613037
427.387024,-146.616211,3419.050293
450.790436,-142.853500,3413.353027
450.190277,-114.438507,3418.362061
657.847900,-291.586121,3535.102783
675.903137,-294.876801,3530.359863
671.763550,-304.546997,3546.478271
655.791748,-301.613434,3550.246338
668.903076,-310.975372,3448.037109
666.650269,-318.346436,3446.262939
679.013367,-324.080292,3445.695801
680.727661,-317.006958,3446.699951
700.733643,-287.741760,3511.013672
722.554932,-286.927826,3507.343018
717.764404,-295.382263,3523.617920
695.068237,-295.514771,3526.655762
535.292297,-425.388855,3488.372803
524.708008,-428.391632,3489.548340
537.340820,-425.695557,3519.445068
685.342896,-279.309296,3487.189453
684.181458,-280.762634,3474.748535
702.740967,-283.254761,3469.294434
703.956848,-280.816223,3482.003174
787.944824,-371.743927,3541.470215
759.831238,-371.496002,3541.821289
748.482178,-284.312103,3488.978271
725.242371,-282.073364,3491.748779
725.934326,-281.735718,3477.318359
749.932739,-286.511414,3474.082031
566.031860,-121.952278,3466.724609
548.672546,-129.718063,3445.389160
546.622986,-3.535837,3465.819824
541.438171,-24.337769,3464.962158
559.705139,-22.215225,3484.876709
565.645325,-2.452172,3485.413818
582.140259,19.648298,3512.951904
550.242004,17.592728,3467.532715
569.002502,17.896339,3487.161377
479.871765,-445.493011,3492.505127
487.404999,-442.534760,3488.325439
475.335510,-438.752899,3469.545898
469.180420,-444.865631,3475.794434
583.687378,144.380447,3520.465332
588.694641,149.333740,3553.452637
588.524597,176.203964,3546.500488
581.724976,173.357971,3514.896973
439.854034,-425.445557,3451.599365
436.506683,-435.251953,3459.806641
453.441833,-439.960327,3465.917236
459.001465,-431.753174,3458.632812
583.699585,118.281570,3522.368652
587.329163,123.022499,3554.479492
484.362183,-440.336823,3514.458496
492.053345,-436.347076,3512.554199
484.607483,-432.720001,3535.082031
491.981201,-426.891571,3534.056396
478.437988,-426.573273,3554.782227
587.811951,157.453888,3583.645508
590.430725,186.364883,3579.981934
463.400909,-450.818329,3483.698242
449.872742,-447.405060,3473.481201
434.768402,-444.529755,3467.762939
418.769104,-443.318817,3465.131104
402.286285,-442.776306,3464.683594
402.759644,-454.894379,3472.862061
584.682678,43.517395,3547.583252
581.070251,40.054008,3515.915039
524.282104,278.910461,3443.055176
524.480957,296.567474,3453.080811
492.726471,294.528412,3443.530273
496.744965,282.641693,3435.385254
430.062256,267.687866,3430.871826
464.830627,278.958344,3430.275391
459.738770,288.826019,3441.764648
425.593567,277.183868,3444.878418
440.846130,150.985474,3406.959961
441.248566,127.510132,3412.496582
471.316925,127.002556,3414.235596
471.132263,150.566849,3407.883789
568.998779,38.456558,3489.926514
551.470398,38.406715,3469.960938
579.955933,49.766720,3580.226318
584.074036,334.616699,3595.645264
583.294434,373.574432,3593.980957
585.662354,362.761292,3551.954102
589.624146,322.885376,3550.888184
550.750671,352.605774,3486.310059
520.425903,349.432709,3467.746826
522.876770,320.627869,3461.666504
554.154297,318.967773,3481.139404
492.727661,64.075562,3696.342529
489.563019,89.709984,3691.580566
510.700043,82.521889,3673.779541
424.327484,76.120186,3723.000000
421.404053,101.951988,3714.981445
444.354187,99.152878,3712.946777
449.128235,72.943848,3721.077881
426.640198,227.453613,3696.888916
431.084198,198.273026,3692.291748
415.050446,202.084656,3696.102539
413.644440,229.308487,3699.384766
578.820374,167.073883,3611.335938
574.407104,142.725952,3612.126709
554.784790,152.309265,3634.095703
556.840027,176.356018,3634.455322
453.085999,300.929840,3454.813721
423.117157,285.529358,3462.780762
567.095642,343.675171,3636.287598
567.348022,382.468750,3633.311523
538.219482,388.947723,3661.841309
538.573730,351.394928,3665.389160
504.881134,354.005707,3675.708496
503.416718,387.539856,3671.347656
409.295502,312.481934,3647.366943
408.809845,318.701691,3642.432129
424.753204,304.548370,3669.857178
421.056824,293.392578,3678.091309
434.624023,240.343063,3413.749512
467.456879,244.908356,3412.056641
466.587128,263.075378,3418.948730
433.149414,256.845734,3422.070557
530.161865,39.561436,3455.340332
528.096680,18.036514,3453.774170
505.076874,18.741608,3444.596436
501.873199,-4.641250,3443.889648
524.892578,-3.979303,3452.350342
502.565033,-152.498535,3419.859619
510.975067,-173.605591,3417.083008
534.889893,-159.663544,3429.540771
526.940491,-140.328506,3430.401367
460.607574,-321.600311,3401.605469
460.901245,-303.627594,3398.480469
483.526855,339.605164,3460.073242
486.520813,376.572296,3466.717773
450.178101,369.507385,3473.854492
438.784698,323.904419,3468.553955
548.725830,387.372559,3489.792480
574.876099,355.030151,3514.585449
569.463257,392.380890,3515.885498
580.377625,411.361328,3592.638428
581.789612,401.241119,3552.040039
535.236145,425.087677,3658.050781
500.440247,422.086060,3665.418213
417.972961,376.792572,3628.734863
418.158783,402.728485,3617.383789
440.189941,408.992645,3638.835449
440.609009,380.440857,3648.440674
463.549896,223.916229,3677.242920
472.011597,253.401489,3679.608154
501.828552,230.538788,3668.349365
499.480560,201.307144,3663.960693
451.343567,44.122921,3724.541992
430.379791,48.363773,3727.192871
494.001343,36.648632,3696.754883
472.564331,40.171726,3714.301025
471.026978,68.928909,3712.383057
456.647705,-65.309433,3713.938232
453.051971,-38.873428,3718.716797
479.074036,-39.342991,3706.688232
483.266418,-65.002304,3701.722168
486.900543,-90.904160,3695.701660
460.158600,-91.362076,3707.084961
463.128448,-142.016327,3689.245850
489.764313,-138.874908,3681.779541
489.092957,-160.373123,3677.075195
445.197845,-318.805237,3634.882324
444.258728,-302.407288,3643.052734
580.422913,194.917023,3608.622803
408.584595,336.699615,3501.079590
419.079102,371.584442,3496.572266
403.660858,379.723602,3528.179688
399.921570,351.269714,3537.704346
584.321106,132.687241,3584.972900
571.669678,36.621346,3608.389893
566.992188,57.598442,3608.794434
578.413879,-145.509048,3590.307617
577.948669,-117.766388,3588.785400
500.959412,-213.331787,3673.318359
499.938538,-226.258438,3671.439697
578.893494,316.837219,3511.389893
531.014709,458.933044,3651.987549
496.704285,456.281555,3657.310059
491.558624,488.109406,3649.075439
525.449158,490.013123,3644.794922
408.660461,426.123810,3579.572510
414.377014,457.673859,3568.489014
422.732025,462.644165,3594.722168
420.233826,432.040466,3605.226074
418.769745,490.027069,3560.734863
421.343323,521.577332,3553.831787
425.425232,528.162354,3578.352783
424.971832,496.417358,3586.406006
564.529114,422.092926,3631.299072
570.168213,481.328552,3591.501221
575.781799,448.751282,3592.861328
559.897156,456.645355,3627.776367
554.788574,488.507019,3623.955566
520.043640,383.406036,3473.576904
403.538574,372.221252,3604.599121
405.074615,396.775055,3592.224854
421.190979,449.737366,3515.933594
412.194641,414.740753,3521.256348
429.212036,410.835968,3493.806641
438.170929,446.870789,3491.620605
546.593994,454.056610,3494.904053
547.316650,421.452179,3492.820068
566.696289,427.403259,3519.854492
564.074890,460.829010,3521.482178
576.547363,437.359619,3554.923584
571.498169,470.457367,3555.514404
558.452087,543.137024,3588.310547
564.323730,512.569458,3589.669189
547.781921,519.040283,3619.820557
540.311279,549.130615,3615.762451
560.882935,532.729187,3554.563477
565.869873,501.562286,3555.159912
557.988770,522.767700,3524.217041
560.820374,491.740570,3522.840332
543.072205,515.412109,3501.116699
545.246094,484.824890,3497.668457
523.307129,510.611877,3484.985840
523.078064,480.700378,3480.695068
497.077637,478.036102,3474.242188
499.947754,508.253052,3478.287354
475.577667,507.816620,3481.232910
469.781982,477.271149,3477.885986
435.237579,512.736145,3508.185547
429.208832,482.196747,3512.008789
445.863403,478.936798,3490.512939
452.444611,509.633972,3490.688721
460.526886,632.462158,3497.429932
452.347198,601.004089,3498.499512
471.831970,598.082581,3492.304199
478.235718,629.389587,3492.524658
495.607697,627.291748,3486.169678
490.439911,596.614929,3488.083252
508.976349,596.729431,3487.118652
513.673767,627.088318,3484.875000
541.357483,604.256042,3508.955811
545.424744,634.770874,3507.189453
530.897522,629.289978,3491.820312
526.401733,598.916016,3493.945068
557.361694,611.848755,3527.108154
558.524597,641.791687,3526.392822
558.080688,621.064514,3553.843262
554.702026,650.431824,3553.541016
544.093384,629.447571,3584.563721
544.804199,658.079834,3585.144775
429.334198,618.570862,3550.089600
427.979095,612.140686,3530.151367
435.159973,642.360962,3523.364746
434.760712,649.476257,3543.505859
458.574524,629.275330,3591.643799
460.572479,658.446045,3582.826172
476.253418,660.895874,3607.169434
475.321594,632.681702,3616.779053
552.774536,572.203552,3586.887207
557.351013,562.014404,3554.510986
555.500183,552.635742,3525.675293
540.539490,545.077515,3505.278564
440.810638,541.873230,3504.221680
459.167969,538.528076,3490.435059
426.190216,559.063293,3569.437744
422.753052,552.205811,3546.258057
504.912262,608.428223,3629.960693
531.785950,607.302124,3613.926025
534.199707,578.200012,3614.031250
507.838715,579.947449,3630.104736
558.168152,591.782715,3553.909668
555.385132,581.996887,3526.687988
539.640686,574.420654,3508.437256
505.446442,567.010559,3485.617188
524.049316,569.197571,3492.840820
485.795929,566.884216,3486.570801
446.367523,571.014404,3500.795898
465.408081,567.844177,3490.599121
428.024902,589.253479,3559.406494
424.592743,582.369080,3538.016357
503.390320,662.701477,3618.815186
531.857483,662.369690,3610.318848
531.787292,635.254333,3613.433350
503.821442,636.488098,3626.717285
503.547913,685.519043,3605.570557
481.124939,683.871399,3594.270020
519.238770,658.879150,3481.277100
500.714539,658.544617,3480.375000
535.792542,661.096924,3488.495117
554.053528,680.377747,3556.023926
558.792114,671.948242,3525.726318
540.811768,686.771973,3583.623535
525.577148,685.760071,3601.850342
450.738556,704.682190,3514.712158
449.418732,708.981567,3533.432861
442.973816,678.869141,3537.991943
445.345245,672.948059,3519.623779
470.358978,697.762878,3485.610840
468.077667,664.376099,3496.353516
483.254211,660.990173,3487.052246
485.828369,693.823853,3473.443848
524.856323,691.931213,3472.096680
505.258453,691.745056,3469.398926
542.911926,693.229248,3481.065918
560.973206,704.078003,3525.721436
557.440613,696.926819,3498.710205
551.323303,665.190247,3503.020020
556.524963,711.327881,3559.269775
534.815186,750.751099,3578.701172
558.940857,744.386780,3558.273193
533.409058,717.968933,3583.546875
506.487122,860.060730,3564.624023
506.253174,899.067810,3557.790527
529.820618,896.761841,3558.094971
533.350037,858.054871,3565.187744
449.996216,738.537842,3507.336670
450.730255,741.085876,3528.660400
487.359161,728.733826,3462.607666
469.324585,732.623047,3474.280518
571.805664,771.950195,3520.027100
568.938843,766.625488,3490.177002
564.523071,730.852844,3495.141602
567.912659,737.177429,3524.213623
447.230652,850.405029,3515.469482
444.237244,813.167725,3519.546387
444.813965,811.169189,3495.756592
447.438721,848.805481,3493.563721
486.008514,765.489319,3454.665283
486.274536,803.471130,3450.445557
466.728577,806.291504,3460.946289
466.869110,769.052795,3466.102051
566.519592,849.264954,3514.777588
564.617859,845.796753,3487.252197
568.949341,804.821228,3486.990723
571.135071,809.416321,3516.824951
536.016235,784.285828,3575.286865
536.412048,820.455505,3570.157959
560.326294,814.792419,3548.976318
561.234924,778.658752,3553.694092
506.949738,785.958374,3574.865967
507.069000,821.954407,3570.736328
464.129272,930.544312,3494.657959
463.196869,934.445557,3511.059326
455.504425,891.662537,3513.244385
456.382050,888.556824,3494.168457
488.805298,843.139404,3451.863281
491.914978,884.517700,3457.858643
474.957306,885.813477,3466.077881
469.248932,845.196533,3460.818115
553.659180,934.519958,3511.573242
550.577393,932.102478,3489.495361
557.970520,888.681213,3488.222412
560.198425,891.026245,3512.462646
526.204529,938.718018,3550.320068
546.228210,936.755981,3535.436035
552.209595,893.780273,3540.947754
505.291168,940.575439,3550.821777
504.174286,982.177551,3547.088867
522.047119,980.449951,3546.312500
469.015961,971.643616,3494.888672
469.522461,974.736755,3510.528564
479.879150,968.815247,3472.987061
479.312531,927.755554,3470.760254
493.354828,926.329285,3462.558838
492.601379,966.982300,3464.929443
528.614807,929.752991,3464.258789
525.184204,970.093079,3467.717041
508.976593,967.473328,3462.612305
510.824615,927.108337,3460.051758
543.841980,972.134399,3490.990723
535.780518,970.943848,3477.253662
541.882751,930.630615,3473.705322
547.196045,974.151306,3511.153809
539.960022,977.606689,3533.509277
399.283813,311.871674,3531.471191
403.503052,315.873199,3514.908447
397.954254,334.301697,3551.617188
395.598480,327.535767,3567.625244
439.377930,472.760376,3619.304443
439.757538,440.132965,3629.627197
437.244843,536.633484,3601.591797
438.648865,505.793091,3610.864990
438.234680,566.728699,3592.344482
442.004242,626.094482,3571.196289
440.176239,596.129089,3581.823975
444.387543,655.247559,3562.810547
451.003540,683.960938,3557.072266
458.120789,713.603943,3553.656006
460.001038,778.136475,3545.882812
462.117798,744.362061,3548.816650
447.222595,776.556030,3524.193359
459.345001,853.661316,3538.164307
457.815948,814.745544,3542.541748
471.414520,938.266602,3528.007080
464.720581,895.586060,3533.058594
477.504852,978.573120,3526.157959
472.671417,327.133972,3676.164307
473.986084,302.768951,3679.734375
445.547760,315.542389,3674.980957
443.540253,333.150024,3666.415039
400.669464,313.224457,3600.923584
397.971039,316.594116,3597.740967
401.577698,320.538239,3619.403809
403.426453,317.380035,3622.622070
548.130981,600.674438,3585.609619
523.740540,539.997070,3489.431641
481.105255,537.038147,3484.388184
502.603516,537.646729,3482.665039
453.283722,603.076172,3605.842285
476.407776,605.811523,3623.495850
478.101624,578.318359,3629.714844
455.310120,573.923401,3614.398926
506.062622,754.937195,3579.659424
481.641327,749.782104,3566.023682
482.548401,782.436401,3560.397461
505.890259,727.759521,3587.170410
550.053467,726.828918,3473.586182
530.790527,725.416260,3461.674072
509.786713,762.520203,3449.874512
508.963104,726.192505,3458.512207
533.732666,761.655884,3453.632568
458.602325,514.720520,3631.153076
456.340393,544.302551,3622.441406
482.413940,548.885498,3634.181641
486.291260,518.995239,3641.469971
536.632324,-44.765816,3463.683838
554.066895,-41.373947,3483.381104
561.563232,-184.329956,3625.828613
550.587952,-177.191376,3637.158691
555.769226,-160.307938,3628.860352
568.792725,-167.671631,3612.028809
577.545044,-180.033661,3598.605225
570.340881,-194.986694,3614.692383
582.687195,-194.566696,3587.084229
576.332886,-207.989105,3603.566406
601.724609,-258.968903,3555.970459
611.766235,-267.264160,3551.453857
435.163574,-140.784897,3693.868164
433.720795,-115.907654,3703.515869
462.584564,-117.065567,3698.483154
466.972137,95.334175,3705.362061
471.666229,186.219330,3676.124023
449.092621,193.283432,3685.305176
441.820892,227.354858,3690.497559
407.215759,300.171051,3677.202881
401.070099,309.807037,3658.065186
401.132690,316.758636,3626.563477
400.802551,313.749847,3601.665283
473.408661,-108.801994,3419.866943
474.793854,-137.161636,3415.094971
421.050049,-327.590881,3415.540039
440.079987,-332.077850,3409.801514
438.039368,-362.592651,3418.664551
420.122467,-357.373413,3422.765869
419.443359,-371.086945,3427.205811
436.841980,-376.119843,3423.853027
419.698120,-432.277588,3456.853760
421.197632,-421.033752,3448.984131
397.048401,309.268036,3575.249268
396.452301,309.766449,3563.909180
396.079163,319.694672,3592.107910
418.570068,355.025726,3639.515625
419.838623,339.315277,3649.976318
404.299377,341.229187,3627.238037
403.694122,353.738586,3616.837891
590.940613,285.546051,3553.597656
584.525635,296.412781,3597.814941
488.383331,315.097595,3451.889160
801.312195,-298.092529,3472.530762
775.023132,-292.217682,3472.573242
776.458008,-301.507782,3460.009766
802.508972,-307.922119,3461.509766
472.666748,-221.381393,3400.615723
483.171082,-192.909149,3407.095459
497.998901,-420.593231,3536.291016
564.076172,-426.192352,3524.746582
549.741455,-426.363098,3521.359131
554.321411,-414.598053,3549.450439
566.880188,-415.355835,3552.881836
565.247803,-374.634674,3436.424805
549.611877,-371.471161,3429.626221
549.845886,-390.533325,3443.237793
563.815308,-391.892181,3450.968018
469.791046,175.061768,3403.652832
438.992432,175.039566,3403.286621
451.320831,-32.091259,3435.418213
450.126587,-58.410011,3430.170166
472.874390,-54.873661,3431.433105
475.183197,-29.957256,3436.427734
508.855774,-207.983490,3408.360840
527.316833,-191.040253,3419.377686
445.581268,-226.802643,3671.864502
464.422913,-234.048874,3672.504639
463.353729,-253.175491,3664.869385
444.080109,-248.588730,3664.306396
739.544495,-324.477112,3445.609375
748.511536,-308.090088,3450.251709
723.382568,-299.010345,3453.571777
716.405640,-309.439056,3448.277832
555.533081,288.933899,3472.101318
582.345459,273.794769,3505.116211
570.167053,-76.931633,3500.078125
567.616333,-56.653419,3504.507568
552.536133,-61.063358,3479.468994
555.372253,-81.523148,3474.013672
581.085388,-136.744415,3492.157227
578.061401,-117.471100,3493.104248
584.581726,-155.002457,3491.053711
650.131287,-266.630341,3481.433350
638.652832,-254.417542,3483.181885
636.056580,-257.885406,3473.010986
441.929626,354.837891,3657.482910
446.335052,280.820831,3683.610107
440.385803,264.533020,3687.033203
399.105713,305.743500,3580.510498
400.655151,306.139008,3581.828857
474.020325,-436.834717,3558.018555
478.125885,-441.024628,3538.332764
703.503601,-282.434418,3496.199951
684.108521,-281.603058,3500.886963
616.280762,-232.211700,3499.796631
627.449890,-241.052643,3497.935547
623.204712,-245.627884,3514.846680
612.580261,-236.970352,3518.340332
616.486206,-231.492569,3483.530029
627.547485,-240.014984,3483.325684
571.947449,-323.438965,3606.680420
572.251465,-342.426422,3597.470703
558.348694,-345.309082,3598.745361
557.823059,-326.692535,3609.318359
543.590332,-327.311829,3612.729004
544.239746,-346.714020,3600.832520
528.414246,-346.746277,3604.655518
527.120056,-327.213989,3617.058105
496.217316,-400.430878,3563.837646
480.029572,-391.279114,3582.491455
460.082031,-383.563507,3594.498535
440.927490,-379.188782,3602.819580
421.521851,-409.044800,3441.978516
443.939209,-413.946289,3442.495605
437.713715,-400.574249,3434.728027
419.920929,-396.474121,3436.396240
402.922272,-393.876007,3438.980225
402.693665,-406.816711,3443.987793
466.436279,-420.809814,3571.243164
451.264374,-415.163757,3586.307617
437.411041,-399.423950,3595.993896
789.443909,-383.551544,3525.856201
762.064453,-383.221985,3525.399658
472.841461,-451.392944,3499.338135
477.748505,-446.682709,3518.611816
791.432617,-390.030731,3506.980469
763.666626,-389.789978,3506.388428
545.198303,-389.081329,3568.429199
557.951050,-392.852600,3569.928223
541.828308,-411.373505,3546.831787
463.489319,-431.984039,3575.286865
449.595764,-426.465179,3589.862061
592.276489,247.814453,3561.729004
582.996155,258.972809,3600.091797
577.981323,-30.550398,3568.400879
571.967407,-26.421824,3598.348389
401.139496,-63.718708,3719.899658
399.849548,-38.316219,3724.634277
426.152466,-37.953941,3724.443359
428.982483,-64.833237,3719.409180
405.714264,-137.848022,3693.973389
404.136017,-113.778618,3703.475098
420.969788,-431.303375,3606.862793
449.757874,15.655086,3723.730713
450.204468,-12.030617,3721.364746
423.961212,-9.706974,3726.807861
423.584412,20.235420,3727.864746
414.079315,49.992218,3724.819092
412.321930,64.619469,3723.052979
420.877563,250.824692,3699.651855
411.298706,251.751633,3701.639648
690.057861,-356.680084,3558.423828
689.020691,-377.093842,3549.367676
670.091370,-379.321747,3554.861816
672.218018,-357.811340,3562.712646
495.574951,10.311916,3694.217285
473.075165,12.228317,3712.436768
596.480286,-259.901459,3578.022705
595.374634,-248.814392,3559.160156
434.326385,-166.499908,3682.780273
482.268799,-239.133408,3670.822021
482.052155,-256.307251,3663.651611
498.963318,-241.862228,3666.668701
499.666870,-257.848511,3660.128662
400.506439,293.018280,3558.833496
399.204376,306.889557,3572.368896
672.810059,-364.327026,3451.329590
675.167297,-354.326843,3448.245361
661.288757,-349.331268,3445.422119
659.323120,-361.123993,3448.380127
398.238068,364.048828,3574.121094
397.783997,347.653015,3587.074707
414.237396,292.737732,3485.078857
402.024780,294.547089,3503.445068
401.539154,291.533783,3500.291992
401.033203,280.165985,3482.331787
468.009949,416.674316,3656.652588
469.914093,383.418182,3664.753662
464.842041,449.976501,3648.468262
461.827148,482.411499,3640.104248
466.429962,685.710938,3575.302979
478.068481,716.837341,3574.532959
482.155273,818.749634,3556.365479
482.623230,857.283691,3551.851074
484.622070,898.356750,3545.776855
489.283722,981.559204,3538.942383
487.245056,941.057251,3540.868164
793.817810,-387.902008,3488.682129
796.994568,-379.655609,3472.639404
768.289429,-377.986420,3470.310791
764.377930,-387.583130,3486.531250
746.103027,-288.235779,3504.728271
770.171875,-291.606354,3502.885010
767.719849,-298.753723,3518.671631
742.406982,-296.577423,3520.946289
796.069092,-293.994141,3501.248535
772.704468,-288.786041,3487.172363
798.811157,-293.262177,3486.009521
801.960083,-321.768890,3453.900146
776.075989,-315.523438,3451.636230
772.669800,-331.867371,3448.457275
800.954041,-337.265381,3450.572754
798.933105,-367.343811,3460.290283
800.415894,-352.644897,3452.608887
772.563538,-349.630615,3450.886963
771.743408,-364.988312,3458.427490
790.357239,-321.661102,3544.486816
762.627869,-321.102966,3546.566650
764.760620,-308.891479,3533.728760
791.753540,-309.432159,3532.056641
688.729065,-392.587952,3533.095459
669.101257,-396.723206,3537.627197
623.018066,-291.690186,3562.852051
636.403259,-298.303070,3555.222168
638.908325,-313.968323,3570.065918
625.739685,-310.674774,3576.046143
732.919006,-371.616943,3543.073975
734.978760,-384.599701,3526.194824
710.100647,-388.248627,3529.083496
709.355347,-373.721985,3545.714355
735.972168,-319.818451,3549.081787
710.926270,-318.185699,3553.127686
713.454834,-305.949127,3539.732666
738.510315,-307.479218,3536.055420
725.097656,-287.554626,3464.501465
750.047668,-294.182983,3460.684326
673.289062,-335.710754,3565.739990
690.670776,-335.596863,3561.844482
590.261902,-248.634964,3581.251465
605.581299,-229.368637,3520.723389
600.846313,-220.099380,3522.921875
549.855164,-193.239990,3644.038818
551.440247,-208.466476,3646.222656
591.476501,-200.465622,3555.416260
589.748962,-182.646835,3565.455078
556.892212,-208.974091,3639.483643
558.367554,-198.834473,3635.335205
511.546204,-114.399384,3675.089600
438.295776,-388.783142,3596.973389
709.774597,-335.412384,3558.362061
709.626038,-355.252777,3555.627686
697.585510,-300.880035,3452.061279
701.055054,-291.367249,3458.782227
681.971985,-286.041138,3464.256104
679.974304,-294.025024,3456.540771
549.089050,-232.832367,3417.304932
560.133606,-220.120499,3428.174072
543.273682,-206.015732,3423.492188
529.404053,-220.151840,3411.789062
674.431580,-382.351074,3463.089844
659.258179,-382.683441,3461.890869
660.560974,-392.819946,3474.714600
677.896606,-390.915741,3474.594238
663.345520,-400.916168,3492.338379
667.533936,-404.896759,3514.402344
687.548645,-400.166199,3511.800781
683.114929,-397.687439,3491.077148
588.620056,207.326767,3538.429688
579.914429,201.495026,3507.424316
530.587769,74.860245,3653.784668
549.965515,66.443008,3632.596680
500.475952,173.743988,3664.077637
406.828003,324.917450,3639.074707
422.723328,315.384979,3665.959717
400.352020,389.226898,3561.513916
590.036621,213.865814,3569.809814
413.856140,453.418610,3542.051025
406.425842,420.396851,3551.143799
464.260559,445.565277,3475.916748
457.561523,410.163452,3475.038574
489.919495,413.244415,3469.733154
493.521759,446.855530,3471.185059
521.396790,417.250702,3475.744385
522.313232,449.806335,3477.381592
512.391418,550.151367,3632.020264
510.237701,801.532898,3446.557373
532.844971,842.691162,3453.805908
510.980011,842.494080,3449.067627
534.004211,800.589844,3450.713135
554.168640,762.957458,3467.336426
554.553101,801.751770,3464.811768
556.590271,853.168579,3546.178467
511.712006,884.495239,3455.084229
531.137024,886.129211,3459.864014
551.882874,843.434998,3466.981201
547.571411,886.916626,3470.619629
397.478668,337.868958,3599.534424
401.690521,274.192108,3465.657471
563.107056,273.208862,3639.156738
565.490906,306.317505,3637.287842
473.989471,278.930206,3680.510254
503.345428,261.268188,3672.563721
541.537720,-17.439217,3648.582031
520.593750,-15.169233,3669.914307
545.371765,-65.592682,3642.299316
544.047974,-40.706978,3645.671387
560.742493,-44.326244,3622.113281
561.694885,-67.925896,3618.779541
579.303955,-71.571510,3561.783936
577.570679,-50.755974,3565.179443
576.151794,-53.197224,3534.059082
578.339722,-73.463905,3530.054932
568.771484,-37.528515,3508.317627
577.101562,-34.005306,3537.415771
494.481812,-76.296600,3433.190430
495.846680,-102.292351,3427.030273
516.945557,-95.143929,3438.388184
515.268005,-71.294914,3444.849365
430.636810,254.776306,3693.707275
398.994080,325.071350,3615.083740
471.576996,353.347351,3671.129883
504.872742,321.677521,3678.098633
537.917480,316.264343,3665.994873
681.039001,-287.040344,3515.365967
593.659302,-248.648163,3440.792236
589.518188,-262.184570,3435.489990
709.303833,-396.107849,3508.388916
704.576355,-394.332275,3487.941406
690.082581,-317.447449,3557.617920
654.175659,-381.970581,3559.583008
640.720337,-361.742218,3573.579590
656.309753,-358.968872,3568.232422
530.089966,186.897812,3650.445801
531.148682,216.158752,3654.079834
558.424133,204.597534,3634.162842
399.601593,298.495270,3523.239746
401.900574,291.700806,3513.801758
447.286591,298.250092,3680.469482
424.268097,516.853271,3529.519043
419.785919,485.807587,3535.782227
427.685577,546.328613,3523.170898
431.712280,576.042542,3516.966797
436.614105,605.817017,3511.321289
444.535278,635.851135,3506.365479
454.977997,667.515320,3505.893066
459.177673,701.158508,3499.340332
446.639343,774.435547,3500.920898
457.078552,735.741272,3489.479736
454.155579,771.765015,3481.621582
453.021332,808.886230,3476.517334
463.402344,887.094788,3478.235107
455.528564,846.971741,3474.982178
469.854919,928.423950,3481.626465
472.621063,969.664062,3483.035400
398.846527,299.589539,3554.716797
399.391602,299.300995,3539.618164
530.888672,-385.560364,3567.983398
606.535522,-246.960724,3537.288330
616.783752,-254.462509,3533.046143
672.190918,-317.360901,3561.632324
402.744781,265.189178,3450.718506
403.212067,255.251083,3437.125977
745.690247,-360.483093,3456.513428
740.895020,-374.988281,3466.454834
690.630920,-305.324036,3543.243652
624.078369,-277.577026,3546.256836
637.472168,-286.629089,3541.300781
1020.444153,-390.527618,3503.199463
1043.110718,-385.990295,3502.603760
1041.735107,-391.614624,3489.409668
1018.426208,-395.470245,3488.799316
1021.260620,-379.562317,3514.227783
1043.415527,-374.999420,3512.294434
1018.530823,-310.292877,3495.873291
1040.992065,-312.299957,3490.019775
1041.282227,-321.198944,3503.563721
1018.476990,-320.671783,3509.259521
1064.624512,-358.171204,3515.478760
1043.073364,-361.365997,3517.856201
1042.195801,-346.805206,3518.125977
1063.846680,-344.792236,3514.451660
1015.826721,-311.071503,3461.465820
993.686523,-306.901978,3466.999268
991.115845,-317.073395,3453.081055
1013.498657,-322.150208,3449.420654
923.810974,-316.195007,3521.956299
904.095337,-318.809357,3527.662598
906.353394,-305.609222,3517.443604
926.072205,-304.074036,3510.181396
972.982117,-399.120819,3504.847168
996.942932,-394.854645,3504.085449
994.470398,-398.554901,3488.600342
969.887756,-400.625122,3488.339600
972.683716,-356.379486,3529.733887
947.119141,-360.993713,3531.636230
945.952881,-342.824890,3528.863525
971.080933,-338.378021,3526.817139
945.390320,-400.544983,3487.940674
948.366028,-403.247864,3504.327393
1019.729370,-349.243591,3522.622314
996.756165,-352.458527,3526.822510
995.036255,-335.684479,3523.058350
1018.411011,-334.082672,3517.870605
1060.037964,-320.552551,3456.372803
1038.017090,-315.893372,3457.958740
1035.886108,-327.074402,3447.796631
1058.363892,-331.541779,3447.664062
1063.235718,-332.684662,3508.384277
1041.303589,-333.300049,3512.669922
1063.014282,-322.194397,3498.526367
1061.149780,-382.783447,3464.650879
1037.062622,-383.629578,3461.504150
1039.451782,-390.869293,3474.930176
1062.978760,-388.510468,3477.121826
971.525940,-309.940826,3509.554443
995.150696,-309.253723,3502.815674
994.833191,-320.973602,3515.171631
970.839050,-322.670929,3520.393799
974.231506,-389.286560,3518.775146
998.142395,-384.287903,3516.580566
1012.733215,-383.387848,3459.090088
988.224976,-382.008301,3457.586426
991.202026,-392.979095,3472.914307
1015.504700,-392.418671,3473.678711
962.863586,-362.589142,3447.942139
986.532959,-366.648987,3447.549316
986.599670,-348.988831,3444.429443
963.370911,-344.269806,3445.934326
948.750549,-302.926910,3501.538818
947.446533,-313.129974,3515.530518
971.375732,-303.327332,3473.947021
948.985535,-300.352997,3482.263428
946.739929,-307.649139,3464.712646
968.878479,-312.539398,3458.150635
903.081543,-385.649536,3529.337402
923.738525,-383.589722,3530.632812
924.734863,-397.712067,3519.395996
903.372742,-398.989899,3517.365967
923.737793,-404.456818,3502.989746
902.052917,-403.934784,3499.887207
869.081909,-389.847687,3479.342529
882.570618,-392.483826,3481.037109
879.215332,-377.095154,3470.860352
866.835449,-375.627716,3468.751465
918.126160,-350.657288,3447.500000
939.858643,-357.114105,3447.507324
940.736511,-338.232056,3447.860840
918.854492,-331.650604,3450.647705
903.689026,-309.197083,3464.184326
921.763245,-315.435028,3458.897705
925.843262,-303.152496,3472.465332
907.986328,-299.126984,3480.251465
843.891846,-300.585693,3483.203369
861.066650,-301.208527,3481.417969
860.790833,-297.578125,3496.881348
842.962891,-298.052582,3497.912354
857.184814,-310.269226,3527.489502
856.633057,-323.212921,3538.077637
838.527344,-322.606750,3540.437500
839.391174,-310.370636,3528.907959
842.141602,-386.276642,3525.389160
858.002380,-386.871552,3525.619629
857.660889,-396.782104,3509.474609
842.027405,-393.974670,3507.399658
900.014648,-344.410950,3447.746338
897.882324,-324.305847,3452.816895
873.314026,-309.400513,3525.260498
888.947510,-307.441284,3521.822266
886.999390,-320.889191,3531.842529
872.061279,-322.404755,3535.342041
869.787109,-354.400513,3537.727295
884.987000,-352.329895,3534.182129
885.013123,-369.533936,3532.804688
871.193420,-370.446686,3533.971924
871.218140,-386.687042,3526.132080
885.583496,-386.415466,3527.298096
885.688538,-398.802979,3514.402100
871.059998,-398.048737,3511.952637
888.293152,-341.529541,3448.218506
878.790710,-337.873627,3449.518799
876.806030,-351.869171,3452.771240
886.466187,-356.104401,3452.711670
892.044189,-296.886200,3487.663818
889.317993,-305.017883,3471.661377
901.384094,-350.837006,3530.908447
885.802673,-336.604218,3535.202881
902.438660,-334.308380,3531.322754
884.827393,-401.881256,3497.018311
844.741211,-307.543732,3471.279541
826.801331,-303.809143,3472.317139
827.033691,-313.327240,3462.372559
844.714539,-316.379272,3461.112061
825.616821,-297.323334,3484.933350
823.370300,-296.385559,3499.483887
817.309265,-322.184296,3542.674561
818.751709,-310.128296,3530.611816
816.668396,-338.121521,3548.835205
838.437805,-338.685883,3546.189453
838.013977,-355.257080,3545.256592
815.756653,-354.973175,3548.451904
817.034119,-384.569763,3525.538086
818.382019,-391.126617,3507.218994
842.267395,-391.382233,3491.023926
820.967346,-388.283020,3489.886475
859.332947,-301.558136,3513.065918
875.339966,-299.840149,3510.368896
1010.651855,-369.652161,3448.015137
1034.938354,-371.558533,3450.403320
1033.771118,-356.303741,3445.250732
1010.092285,-353.157654,3444.148682
1034.237427,-341.297455,3443.842285
1057.254272,-344.911926,3445.301270
998.155945,-369.603302,3524.545410
1021.007446,-365.269653,3521.131836
1065.189819,-371.100098,3511.603760
901.665833,-368.093384,3532.432861
921.960327,-365.403900,3532.191162
866.393066,-362.479980,3459.150879
855.692871,-360.433441,3457.465332
855.327698,-373.495850,3466.942383
898.625000,-362.594818,3453.904541
894.829956,-376.648163,3469.767578
918.437744,-384.198425,3472.474854
917.603088,-369.833862,3455.450684
869.280090,-334.238922,3451.474365
858.068359,-331.389893,3452.948486
856.815796,-346.055969,3452.598877
867.612244,-348.746490,3452.816162
839.697693,-371.673035,3537.787109
856.737732,-371.146484,3535.421387
824.551575,-369.044678,3462.243896
823.890686,-379.775940,3474.618408
842.575806,-382.488098,3477.045410
842.195129,-371.298492,3465.177002
856.368713,-386.283630,3478.173584
824.894104,-355.439117,3454.204834
842.467896,-358.277893,3456.062012
815.773254,-371.838959,3540.923828
843.804688,-328.943359,3453.660156
826.181091,-326.015747,3454.186523
825.532776,-340.819763,3451.431396
843.169067,-343.523010,3452.298828
1011.177551,-337.049652,3444.174561
988.401978,-332.226196,3446.120850
908.649780,-297.064911,3500.015137
927.548096,-297.546814,3491.587891
891.226074,-297.950043,3506.120361
1017.685059,-306.198578,3478.424805
1039.838867,-309.953827,3473.203613
972.060791,-302.053406,3493.172607
995.145935,-303.671173,3485.379395
963.921265,-379.581482,3457.020752
873.648499,-311.100494,3465.578369
884.965210,-314.753998,3459.675293
875.760803,-302.087555,3477.196045
820.357605,-301.259033,3515.779053
841.157776,-301.742126,3514.048584
887.976990,-329.476593,3449.581543
793.679626,-300.245331,3517.031006
899.134583,-395.032074,3483.359863
857.230042,-395.770813,3492.658447
870.480896,-399.159851,3494.773438
1064.496094,-388.036621,3490.873779
973.976624,-374.050262,3527.487793
921.240356,-347.804047,3529.825684
922.161072,-331.060516,3527.727051
860.488953,-309.281769,3469.228027
859.394531,-318.347443,3459.049072
870.967468,-320.965088,3456.348389
855.972412,-339.226929,3543.139648
855.011230,-355.536652,3541.575928
1061.509033,-314.407349,3469.911621
871.405701,-338.027374,3539.579102
921.178650,-398.315338,3486.955078
420.830139,-342.699982,3418.847656
403.760986,-325.439728,3419.322510
403.815308,-340.353333,3422.331543
585.705017,-165.560547,3576.157471
546.690491,-136.154419,3640.258301
562.522644,-139.417526,3619.182861
600.041931,-238.832092,3540.240479
595.290527,-228.558365,3543.730957
642.623291,-277.198303,3525.780762
629.224670,-265.998077,3529.051514
585.606567,-209.809814,3576.477783
491.651093,-602.629395,3525.244141
489.577148,-595.195801,3521.789062
493.310211,-616.502441,3526.551025
411.641907,34.565613,3725.465820
398.185822,66.003250,3719.521729
398.545990,82.920341,3718.965088
492.338989,-584.861389,3540.957764
490.096832,-577.998169,3536.044189
494.665100,-581.229675,3539.558594
492.292358,-587.014465,3543.173828
491.929718,-585.948364,3542.771240
494.304749,-619.313049,3537.788330
487.305542,-586.023315,3521.333252
485.232910,-575.952759,3522.573486
492.782043,-605.157227,3542.509766
460.047607,45.597836,3440.292480
463.745972,66.047951,3437.683594
435.549530,67.816109,3436.818604
432.760651,47.926666,3441.506836
406.055603,84.748520,3429.003174
405.224487,67.678169,3437.173340
438.573761,86.015747,3428.560303
557.121826,120.164528,3466.333984
553.892822,97.624046,3469.667480
569.338928,96.088615,3493.899414
573.448669,118.046341,3492.497070
576.863525,77.393188,3521.265869
579.637268,96.588493,3522.570068
566.479553,76.081154,3493.825439
579.880981,81.218018,3552.245361
582.856323,101.386261,3553.804688
575.127502,89.015800,3582.053955
579.381042,110.356300,3583.391602
569.416504,120.736122,3609.921631
551.886230,130.438248,3632.988770
529.325500,161.995972,3649.489990
528.217468,139.511536,3650.970215
502.660583,148.149796,3665.329102
476.755188,156.654861,3676.649414
453.769226,163.211823,3685.422607
434.078308,169.051117,3691.885254
416.320099,172.854126,3695.619141
400.130066,175.557220,3696.000000
401.139221,204.412018,3696.768066
528.872620,-365.784302,3589.005371
495.122223,-429.241699,3466.671387
514.415771,-432.014526,3491.087646
504.745239,-424.919189,3466.352783
529.727356,-365.738739,3421.259521
506.674042,-357.329773,3412.886963
508.032990,-376.280243,3421.962646
530.851624,-386.066101,3433.932861
484.535248,-418.147034,3450.430908
479.625153,-421.387329,3451.753174
490.525391,-412.752869,3447.552246
474.698578,-401.728271,3434.743408
454.616974,-394.255676,3430.213135
562.503906,-423.576355,3494.717773
577.240845,-422.127228,3499.485596
574.504333,-408.720032,3475.158203
562.822021,-409.561279,3468.734863
565.403687,-356.890564,3427.724854
578.761475,-359.766815,3433.069092
579.210022,-342.785004,3428.273193
564.499817,-338.495117,3422.961426
620.134521,-414.951660,3514.051514
635.161865,-411.736267,3515.320068
630.621460,-406.581970,3491.593262
615.785339,-408.573975,3489.258057
576.678162,-376.387024,3442.634277
496.446625,-227.755264,3400.221680
518.604675,-236.963715,3403.436035
538.471436,-246.412888,3408.515137
585.503845,-276.842163,3431.474121
577.451172,-252.226654,3429.656982
572.631653,-267.448792,3425.248535
598.286377,-286.107178,3436.813721
609.262939,-290.755219,3442.381592
625.212463,-366.916016,3577.065918
627.193787,-337.292999,3583.322266
641.521484,-335.570129,3577.376709
637.512329,-296.876465,3451.621338
640.815430,-289.950623,3454.867676
626.128784,-282.065704,3454.307373
623.077271,-290.141998,3450.787354
547.655701,-424.482086,3490.944580
629.321655,-395.158936,3472.345215
628.810364,-382.747620,3458.500244
613.978394,-381.436096,3456.792725
614.373779,-395.628448,3470.332275
629.239685,-369.170685,3448.519043
629.887207,-355.028931,3443.205811
616.261719,-352.062408,3440.713623
615.606506,-366.879242,3446.052246
636.721497,-305.337921,3447.818604
619.875366,-299.347351,3447.188721
652.723083,-400.688751,3540.200928
593.600037,-421.661255,3534.296387
579.153198,-425.214661,3529.318604
580.022827,-412.381531,3556.940674
593.361328,-407.031982,3560.865234
661.182434,-283.310394,3520.141357
665.520325,-277.694122,3505.119629
667.396606,-274.433319,3490.750977
632.392639,-264.943054,3464.347656
667.651672,-274.836212,3478.654297
654.990784,-314.930847,3565.275635
656.655334,-335.418976,3570.453125
581.386475,-388.010620,3575.605225
594.442139,-381.277008,3578.132812
650.277405,-408.515594,3514.980225
646.023865,-403.751984,3491.785645
671.914001,-305.541199,3450.163330
657.884949,-297.502258,3453.278320
654.484497,-303.146606,3450.571777
618.496460,-256.960480,3456.018066
628.778381,-274.087555,3458.732910
591.312683,-420.052490,3504.933594
643.898804,-381.972565,3459.183594
644.077209,-393.772736,3473.243408
602.678833,-364.360504,3443.246582
590.561340,-362.061493,3438.841797
588.258240,-377.946777,3448.665771
600.489136,-379.536316,3453.301025
647.187927,-344.212341,3442.877197
645.310425,-357.880524,3445.408447
591.665588,-345.843506,3433.390137
603.827332,-348.759766,3437.433105
652.010376,-310.852753,3447.797363
569.836182,-392.879181,3572.250244
558.640869,-367.631104,3585.067383
571.630005,-367.199921,3585.624512
584.141479,-361.937073,3587.907715
598.269348,-353.608673,3588.879395
613.358826,-343.467377,3587.392578
545.477112,-366.579651,3586.104004
880.891663,-325.105042,3452.523438
676.859802,-300.926208,3452.068359
685.222534,-312.737549,3447.531738
691.485168,-307.628296,3449.087891
745.237854,-344.757019,3448.841797
411.484344,-528.937622,3667.825684
411.875763,-522.565491,3665.597900
410.314941,-555.769470,3667.211182
410.495789,-551.593445,3668.247314
876.567749,-364.505157,3460.850830
885.192688,-366.101715,3461.303223
940.138733,-375.492645,3456.557373
942.268311,-389.738708,3472.535889
966.554932,-392.046539,3472.543701
949.389893,-394.432343,3520.098145
948.601868,-379.229034,3529.811279
946.191223,-326.377380,3524.213379
943.291504,-321.581665,3453.767090
1109.158447,-375.383606,3507.142334
1131.407471,-371.799438,3508.712891
1131.979980,-379.884186,3498.946777
1109.163940,-382.204041,3495.884766
1153.151978,-368.889587,3511.319824
1130.394775,-360.624664,3512.985352
1151.156006,-356.996674,3513.780762
1128.685059,-349.174103,3511.806152
1148.948853,-346.400848,3511.132080
1147.029175,-337.760925,3504.138672
1127.281006,-339.189178,3506.149414
1127.017944,-331.659271,3497.668945
1146.767334,-331.756836,3494.950195
1105.783447,-324.888702,3490.648193
1105.421509,-321.044281,3478.518555
1126.656006,-324.455688,3476.208496
1126.950562,-326.632416,3487.319336
1147.119629,-336.917847,3456.727783
1126.029053,-332.990295,3455.617676
1125.840454,-343.150848,3451.542480
1147.112793,-346.051453,3453.583008
1104.500488,-363.750305,3453.272949
1127.421387,-366.422882,3455.496094
1126.285034,-354.750824,3452.292725
1103.371704,-351.452484,3449.819092
1148.603149,-369.175293,3455.919189
1129.080566,-375.175140,3463.116455
1150.285034,-377.766968,3464.485840
1086.893799,-367.746582,3512.219238
1087.046143,-378.655182,3504.628418
1065.041748,-381.658234,3502.920410
1106.442993,-340.512329,3508.965576
1107.402588,-351.763397,3513.256104
1086.041382,-354.929230,3514.163330
1085.113525,-342.462769,3511.507812
1062.504761,-314.787994,3484.945312
1084.092529,-318.159698,3481.423584
1084.295532,-323.307281,3494.199219
1105.925049,-331.683746,3500.994385
1084.545410,-331.915680,3504.426758
1104.734863,-322.487579,3465.913330
1126.257935,-326.562347,3464.706299
1108.872192,-383.882263,3483.034424
1131.665894,-382.277008,3486.232178
1130.833374,-380.371002,3474.027100
1107.905396,-380.887634,3471.165283
1083.150635,-318.848022,3467.728271
1086.025757,-386.010437,3480.012451
1084.801392,-381.865173,3467.985596
1106.233765,-374.143036,3460.577393
1082.934570,-373.268890,3457.293701
1153.162231,-382.102264,3489.007812
1153.845825,-377.877625,3501.958984
1086.852295,-385.338226,3493.123535
1103.926636,-329.020599,3455.343018
1081.951660,-324.977722,3455.737061
1080.771729,-335.627533,3448.523926
1103.282471,-339.533295,3449.729980
1057.614624,-358.688690,3447.574219
1081.261719,-360.978577,3450.577637
1080.429077,-348.148895,3447.521973
1147.501465,-357.117065,3453.416260
1059.172241,-372.413391,3453.749512
1243.700195,-331.381927,3496.571045
1249.352783,-330.261902,3506.920654
1238.910400,-326.144806,3509.496582
1232.966064,-327.858765,3498.404541
1215.504028,-316.721436,3518.485352
1224.761963,-318.764099,3529.080078
1216.560303,-323.143250,3536.578857
1205.782471,-321.172119,3527.238770
1253.296753,-332.600311,3516.682617
1243.425171,-327.130798,3519.020264
1252.088013,-338.766754,3523.826904
1261.821533,-338.111359,3515.022705
1261.220337,-346.426727,3519.271973
1269.816895,-350.011047,3516.388428
1267.920166,-360.084595,3512.383789
1254.967896,-358.862762,3517.176758
1247.567627,-371.279236,3489.900146
1263.619629,-368.977234,3489.596680
1260.511841,-369.319580,3477.541748
1244.199951,-371.195160,3478.149414
1250.028320,-363.430267,3456.796143
1234.938599,-365.600983,3459.152100
1239.966064,-368.566284,3468.622070
1256.510498,-366.248627,3467.245117
1236.343262,-334.232361,3480.181641
1238.689209,-333.406830,3487.025635
1227.926025,-330.770172,3487.635254
1224.908813,-332.127808,3480.209473
1248.752563,-344.406067,3536.015381
1250.389282,-339.748901,3533.911377
1251.065186,-347.544067,3525.864258
1244.322021,-351.961273,3527.649658
1195.645630,-323.755310,3466.681885
1195.338135,-324.329987,3475.629639
1183.440674,-326.466003,3479.249756
1182.550171,-326.034393,3469.400146
1188.951538,-322.908936,3510.122559
1184.838013,-336.643829,3518.784912
1177.430786,-338.206024,3513.180908
1182.968140,-327.054077,3501.681152
1196.503662,-321.206268,3518.233887
1202.631470,-333.683746,3532.046631
1192.558716,-334.730652,3525.096191
1214.251221,-333.601685,3540.570068
1180.645508,-329.174408,3458.177002
1189.954102,-326.841797,3453.482910
1323.601929,-337.816406,3511.303223
1317.209839,-338.617615,3511.537598
1317.890381,-336.697754,3505.602783
1324.514893,-336.374573,3505.583740
1187.923828,-347.558075,3444.626465
1180.507446,-346.450073,3447.970459
1181.918335,-357.097076,3449.238281
1190.086426,-358.016602,3448.205078
1197.788696,-348.674408,3440.537598
1200.500610,-359.037720,3446.656494
1326.764160,-352.392853,3513.455322
1320.105835,-354.066315,3512.690430
1318.636963,-349.026917,3515.249023
1325.020142,-347.257202,3515.573242
1253.953003,-333.533112,3496.457764
1259.026855,-333.064667,3506.343262
1278.781616,-335.171753,3501.860596
1277.439087,-337.350311,3508.790039
1268.406616,-335.333832,3507.503662
1266.032593,-334.680145,3496.903076
1257.401489,-336.181793,3475.013916
1262.463989,-335.778595,3482.913330
1250.559692,-335.564362,3483.580566
1245.864624,-335.808441,3475.168457
1241.578125,-333.246704,3461.663818
1241.114380,-331.247864,3454.819092
1250.722168,-332.583130,3453.400635
1252.637817,-334.386169,3460.945068
1275.760376,-336.670227,3466.574463
1274.037109,-336.634979,3460.358643
1284.312744,-339.649017,3460.092773
1286.457520,-339.173370,3465.797607
1172.876831,-346.379608,3450.282959
1173.788574,-357.476776,3450.429932
1239.102173,-355.153503,3437.769287
1249.605103,-354.282379,3433.858643
1244.688232,-345.960388,3426.762695
1233.999390,-346.619293,3430.939209
1193.806641,-366.696014,3455.854736
1185.227661,-367.119629,3455.968262
1328.425049,-355.213409,3508.129150
1321.753540,-357.113525,3507.409668
1216.869629,-344.938293,3538.834473
1204.843506,-346.885101,3529.625000
1194.604980,-348.830048,3522.435547
1186.547974,-350.604462,3517.498535
1178.913696,-352.579071,3515.672363
1271.684692,-335.148926,3491.077393
1247.397217,-334.406311,3488.553467
1234.144897,-334.254333,3474.975586
1227.517578,-326.340210,3442.267090
1230.733643,-327.411713,3450.434326
1222.773315,-325.808258,3453.640869
1218.302002,-325.692139,3442.816895
1232.596436,-336.680359,3429.390625
1243.260864,-336.754700,3426.766357
1244.858032,-330.966888,3432.100586
1235.071899,-329.974640,3434.075928
1245.731323,-347.643738,3540.650146
1237.147705,-352.794128,3532.313721
1187.720215,-336.307526,3446.136475
1179.886108,-336.580841,3450.825928
1172.498901,-337.847321,3454.467041
1209.859985,-327.724823,3477.124756
1211.931641,-327.215088,3482.355713
1197.058472,-322.319061,3488.494141
1195.471069,-324.094482,3481.440186
1221.155396,-321.303894,3501.092041
1228.143433,-320.074097,3512.640137
1207.264404,-317.272186,3507.082520
1183.226929,-326.394043,3488.447510
1173.503174,-329.929535,3491.537598
1173.613647,-329.419434,3481.202148
1173.275024,-329.573639,3470.713623
1172.657959,-331.999756,3460.928955
1162.438354,-331.503754,3492.983398
1162.591675,-330.073975,3482.802490
1162.695190,-330.606873,3471.993408
1162.933228,-333.614899,3462.644775
1164.237915,-369.961243,3456.101074
1175.695312,-368.327484,3456.027100
1163.099854,-357.992157,3451.830078
1165.579468,-343.148773,3511.802734
1163.354370,-336.107208,3502.771729
1174.227051,-333.035950,3502.397949
1168.456177,-354.709259,3514.524170
1231.504150,-321.650970,3536.928711
1238.855835,-324.452271,3530.773926
1243.967896,-325.490173,3537.381104
1238.180542,-323.327362,3543.277344
1269.602051,-341.592834,3514.112549
1277.788818,-343.290466,3513.518555
1278.491211,-351.303741,3514.595947
1199.625732,-325.941681,3448.187256
1204.791260,-323.970093,3459.944824
1281.445923,-335.517517,3495.488037
1312.066406,-355.326965,3511.873047
1298.662842,-356.838654,3511.261963
1296.900391,-350.641693,3514.022705
1310.735229,-350.018402,3514.753174
1291.734253,-340.075562,3491.786133
1300.177124,-341.871918,3493.934570
1297.560913,-337.723663,3498.527344
1288.788452,-337.151123,3497.468750
1271.419312,-335.492920,3453.000977
1279.940796,-337.828217,3452.927246
1279.363281,-362.695496,3489.156006
1265.569458,-367.756958,3502.130615
1278.359863,-365.280273,3501.516846
1254.556396,-335.561371,3467.645752
1263.563721,-335.210205,3460.504395
1265.323975,-335.794159,3466.970459
1275.537476,-335.625092,3488.142822
1271.317871,-335.903656,3482.705566
1280.003540,-336.942017,3483.753174
1282.717285,-336.530365,3490.178955
1219.865845,-334.690369,3432.466553
1221.433960,-348.074982,3434.194580
1317.469360,-343.329346,3514.846191
1323.878296,-342.133789,3514.705811
1162.846069,-346.813019,3452.622803
1162.919312,-338.816711,3456.272705
1243.154785,-335.024902,3468.521484
1250.668091,-368.021393,3503.087402
1231.881958,-333.139374,3469.467285
1269.418213,-354.218842,3445.757080
1278.601685,-354.228546,3445.060303
1277.557617,-347.152740,3443.091064
1268.985474,-347.072052,3441.236084
1313.219116,-343.445190,3495.694824
1321.314087,-344.130005,3496.517578
1319.706177,-339.088257,3500.080566
1311.273193,-338.420166,3499.746094
1286.360962,-336.812042,3503.110107
1295.596802,-336.576935,3504.255615
1294.684326,-338.841553,3509.919189
1285.105957,-338.785156,3509.156494
1285.546143,-344.216217,3512.865723
1295.437378,-344.370605,3513.177490
1314.906616,-350.786377,3495.081543
1302.552124,-349.994019,3493.681641
1301.408569,-357.814148,3497.555664
1314.774292,-356.945465,3499.576172
1220.214600,-367.870575,3461.587402
1230.505005,-361.862793,3449.405762
1216.441650,-364.012024,3452.457275
1264.067505,-361.526520,3454.754883
1257.756470,-355.116272,3444.466553
1244.590332,-359.588379,3446.529541
1226.238159,-356.996765,3441.427246
1290.398438,-350.892273,3485.822266
1289.080200,-357.647888,3484.278809
1290.182251,-357.212036,3493.584717
1229.624756,-330.422485,3461.736328
1309.484619,-344.049347,3514.291504
1192.458130,-371.906403,3504.008789
1202.009033,-369.451202,3504.665039
1203.664307,-376.492523,3489.636230
1192.715454,-377.863739,3491.035156
1309.740967,-336.713440,3505.474609
1309.142090,-338.519104,3511.230713
1270.509399,-335.920349,3445.336670
1271.834351,-338.823792,3439.588623
1278.237671,-340.710785,3442.187256
1278.043945,-338.388855,3446.764893
1212.778076,-358.869720,3444.418213
1256.947876,-353.612244,3430.105713
1253.570557,-345.214478,3423.583740
1203.641846,-365.853821,3454.611328
1196.918701,-372.451355,3465.881104
1206.948242,-370.323151,3463.870361
1273.750732,-361.510712,3466.655518
1224.314453,-370.800323,3470.132324
1210.701172,-373.388275,3472.420410
1199.618286,-375.778198,3475.879883
1190.518433,-377.733612,3477.678223
1188.244385,-374.020844,3466.794189
1313.646851,-358.524750,3506.314453
1322.867798,-355.977722,3500.730469
1166.072388,-377.454498,3466.399414
1178.103149,-375.630066,3467.172607
1168.031250,-380.939758,3478.070557
1180.476440,-379.528442,3478.322754
1216.864136,-374.361023,3492.260010
1214.329956,-375.069397,3482.041504
1231.921265,-372.775452,3490.551270
1228.364502,-373.073395,3479.356445
1275.533447,-366.677368,3477.383057
1338.772461,-349.079651,3499.252441
1337.887329,-344.077179,3497.799561
1328.516968,-344.192566,3496.908203
1329.831543,-349.955658,3498.113037
1322.714355,-350.618134,3496.695068
1329.664917,-354.589691,3501.889160
1235.127686,-368.375977,3504.273926
1288.661743,-339.616791,3484.618408
1217.765625,-366.084290,3508.394043
1228.757324,-360.016083,3522.482178
1240.687500,-362.298035,3518.230469
1209.613037,-357.956818,3522.933838
1198.399048,-360.913788,3517.002686
1181.619385,-364.333466,3512.667969
1189.356567,-362.739075,3513.496826
1170.538330,-366.363434,3512.283203
1221.207153,-354.291321,3531.961426
1332.880981,-335.788788,3504.820312
1332.020752,-336.403961,3510.811523
1183.397705,-373.481171,3504.109375
1171.355835,-375.517700,3503.490723
1234.584595,-321.642639,3522.724121
1220.793945,-330.802063,3470.924316
1218.528320,-328.019836,3465.116699
1214.401245,-324.652588,3456.505371
1209.340210,-325.501282,3444.674561
1170.169067,-381.260834,3490.942627
1147.009155,-328.582947,3484.782715
1146.880493,-328.514587,3473.907959
1151.882324,-381.249481,3476.499023
1332.562744,-340.279999,3514.351074
1288.560913,-346.819763,3461.507080
1290.289062,-345.803070,3463.872314
1224.942505,-324.785767,3543.346924
1233.856201,-326.322601,3548.696777
1237.299805,-341.239685,3551.665527
1226.871948,-343.117279,3546.473389
1223.628052,-333.293915,3547.309570
1233.979736,-333.021698,3551.752441
1208.763428,-327.088654,3472.894287
1207.712891,-325.781403,3467.264160
1209.183472,-349.024475,3437.211182
1207.749268,-335.890289,3435.776367
1286.731323,-351.290405,3513.766113
1287.782349,-357.933929,3510.268066
1278.625000,-359.703217,3510.623779
1299.875732,-360.295654,3504.591553
1294.030640,-348.274017,3491.204834
1291.985474,-345.562836,3486.506104
1215.710205,-324.764221,3490.377930
1201.235840,-319.596771,3496.984863
1248.665527,-332.443817,3532.836182
1245.190674,-329.990417,3526.583496
1267.523315,-336.004730,3474.827148
1287.708252,-360.282257,3469.385742
1287.464966,-363.959778,3477.417969
1276.965820,-336.828308,3474.990967
1334.128174,-345.081329,3515.519531
1335.764893,-350.109039,3513.650391
1288.648071,-362.204498,3502.664307
1261.232422,-333.860382,3452.727539
1289.733154,-353.455627,3465.626953
1282.141724,-356.468933,3461.851807
1251.139893,-337.148712,3425.020996
1182.846680,-379.339630,3491.584229
1326.295898,-338.736786,3499.767334
1334.941162,-338.410767,3499.508301
1338.197021,-352.427887,3502.760742
1336.861816,-353.091339,3508.408691
1197.224854,-336.275330,3440.417480
1222.808350,-332.106903,3475.474854
1146.956909,-331.222382,3464.025879
1231.399292,-350.943451,3540.535889
1241.587402,-347.251678,3547.291260
1285.782104,-338.328674,3474.931641
1262.818237,-352.109680,3437.425781
1286.742432,-357.463623,3458.654053
1282.081177,-359.735779,3451.618164
1274.068604,-360.318176,3453.025635
1289.970459,-352.016754,3460.299072
1344.571411,-351.882507,3508.671875
1345.632935,-351.343414,3503.104736
1343.796997,-348.898438,3513.983154
1341.325806,-343.854492,3515.291016
1339.149292,-339.484039,3514.042236
1345.957275,-348.080292,3499.667969
1344.671265,-343.546875,3498.334473
1341.456421,-338.374023,3499.892090
1352.078735,-347.009399,3499.675537
1353.136597,-350.022369,3503.247559
1358.004272,-344.999603,3514.779053
1359.893311,-347.369965,3512.627930
1355.924072,-348.403107,3512.206055
1352.157349,-347.830627,3514.076416
1363.368286,-343.406311,3513.927490
1364.858032,-346.310883,3512.207031
1360.393799,-349.249664,3508.644775
1355.487793,-349.903107,3508.977295
1365.793213,-348.488861,3508.197510
1365.457520,-347.865234,3503.857666
1360.218506,-348.523529,3504.363770
1356.143188,-349.472992,3505.406982
1351.337891,-350.809387,3508.926758
1367.979492,-342.815948,3511.727783
1370.798950,-343.707153,3507.123291
1370.078125,-347.066528,3507.830566
1368.323608,-345.675659,3511.359619
1348.349854,-342.934906,3515.164307
1355.510742,-341.257690,3514.489258
1361.670044,-339.727936,3513.133057
1366.618530,-339.412384,3510.583984
1354.461914,-337.409851,3512.741699
1360.838379,-336.838379,3511.056641
1364.992798,-336.983673,3508.733887
1354.274902,-334.823456,3509.316650
1360.757568,-335.317627,3508.105225
1345.781982,-338.689026,3513.654541
1344.689941,-335.612122,3510.197998
1363.780762,-336.051392,3507.123047
1369.419434,-340.564728,3506.006592
1359.302124,-347.588593,3501.314453
1364.870972,-346.070892,3501.029297
1358.417480,-345.141663,3499.367920
1364.050659,-343.629822,3499.557861
1369.202393,-347.273010,3503.901855
1369.380737,-344.982452,3502.291748
1338.187622,-336.042450,3510.449219
1339.116577,-335.837341,3504.485840
1345.455444,-335.355225,3504.610352
1354.696167,-334.577209,3503.941406
1347.562622,-338.112427,3500.160156
1350.808960,-342.714966,3498.556885
1357.550903,-341.858032,3498.813477
1355.801147,-337.672058,3499.835205
1362.906250,-340.535919,3499.469482
1361.780273,-337.555878,3500.649658
1361.198486,-335.446442,3503.988037
1366.312988,-339.438446,3501.298584
1368.099243,-342.094116,3501.348145
1366.946655,-338.181549,3505.010498
1364.514160,-336.596863,3504.373779
1364.616821,-337.679840,3501.866943
1332.029785,-340.747101,3475.340332
1323.735229,-341.553284,3476.770996
1323.380737,-340.567352,3471.198975
1331.916260,-339.997009,3469.634277
1333.093506,-355.321228,3479.857910
1325.387939,-356.933472,3480.413574
1324.915405,-350.592041,3481.804443
1332.703979,-348.892578,3480.824707
1332.860474,-358.716492,3473.598877
1325.185791,-360.600922,3474.054443
1316.169678,-358.046722,3481.323242
1300.785889,-357.770813,3482.483154
1300.601562,-350.860718,3483.255615
1315.781372,-351.536407,3482.474609
1299.505737,-345.807495,3464.281738
1297.572144,-341.407562,3467.704346
1324.316772,-345.274323,3479.963379
1332.426025,-343.827545,3478.978760
1314.867554,-346.277649,3463.264160
1324.715454,-346.505127,3462.297607
1323.898315,-342.258270,3465.798340
1313.940063,-341.930756,3466.818115
1297.172974,-339.805359,3474.286377
1298.260254,-340.785614,3480.898926
1299.834229,-345.188110,3483.235352
1315.811401,-352.785034,3463.113525
1300.947632,-353.123993,3464.606689
1300.731934,-359.943726,3468.943604
1316.238525,-358.836029,3467.380371
1314.988892,-345.703094,3481.259277
1313.397583,-340.404938,3472.754150
1314.099365,-341.352905,3478.466064
1315.908691,-361.733673,3474.745117
1325.373413,-357.724274,3466.636230
1343.950317,-350.815460,3462.150391
1343.903564,-345.841675,3460.536865
1333.123657,-346.147827,3461.207520
1333.569336,-351.558807,3462.240479
1325.443237,-352.084900,3462.626465
1333.172485,-356.537872,3466.583984
1343.560669,-339.147858,3467.547607
1343.384888,-339.509003,3473.504639
1343.658325,-342.211731,3477.322266
1300.568848,-363.256439,3476.344482
1343.649048,-346.863739,3478.939453
1343.669800,-353.190308,3478.509766
1332.390015,-341.709778,3464.253174
1343.443359,-341.126770,3462.617920
1343.458618,-354.955872,3466.215576
1343.016602,-356.847870,3472.720947
1352.027832,-354.980103,3471.474854
1352.042603,-353.435455,3465.448730
1352.755249,-351.893768,3477.111572
1351.855957,-346.030975,3477.707764
1351.010010,-341.773499,3476.098389
1352.219482,-349.989838,3461.867676
1351.652588,-345.764404,3460.306885
1350.482056,-341.235779,3462.042969
1360.040039,-349.110657,3460.947021
1361.243286,-352.325653,3464.161133
1374.588989,-347.115265,3473.328125
1375.620239,-350.437042,3471.945068
1369.894775,-351.047974,3472.694824
1368.543091,-348.783508,3475.037354
1365.787964,-352.157959,3472.706299
1362.047607,-351.249573,3475.340576
1370.001953,-353.033905,3468.546143
1365.000610,-353.156952,3469.301270
1376.204102,-353.034271,3467.568604
1375.142334,-352.114075,3463.279297
1368.934937,-351.908478,3464.723877
1364.846436,-352.306000,3465.829102
1380.012817,-347.117310,3470.550293
1379.850586,-350.093140,3470.635498
1360.125488,-354.046875,3470.054932
1358.990479,-345.874359,3476.266357
1366.865967,-344.652222,3474.964600
1374.029175,-343.626221,3472.744629
1379.128784,-343.689514,3469.526611
1365.748169,-340.476379,3473.239258
1373.087891,-340.391632,3471.024170
1377.296387,-341.186523,3467.906738
1365.045532,-337.788452,3469.425781
1372.349609,-338.604858,3467.651123
1357.156982,-341.419006,3474.798584
1356.060181,-338.778564,3471.174316
1375.708374,-339.930847,3466.330322
1381.014526,-345.371765,3465.047607
1382.404541,-348.867004,3465.934570
1381.775879,-352.562103,3466.861816
1368.057739,-350.275391,3462.383789
1374.611694,-349.662292,3461.438721
1367.599243,-348.241119,3459.921875
1374.291626,-347.490295,3459.612305
1379.920044,-352.198181,3462.733887
1379.989258,-349.689178,3461.798584
1350.325073,-339.309509,3472.265869
1350.104614,-339.067230,3466.839111
1355.829224,-338.523193,3465.855957
1364.768555,-338.020020,3464.032227
1356.395752,-341.112915,3461.247559
1358.597534,-345.552399,3459.546143
1366.385986,-345.107117,3458.904541
1365.089844,-341.091156,3459.952881
1373.096436,-344.677979,3459.170654
1371.993774,-341.499146,3460.003906
1371.896484,-338.791168,3463.119629
1377.351807,-343.992279,3460.629639
1379.145630,-346.745728,3460.895020
1378.647583,-342.538055,3464.068604
1376.002441,-340.472778,3463.392334
1375.465088,-341.878082,3460.888184
1319.396851,-341.584106,3449.431396
1312.767944,-342.363068,3450.946533
1310.797729,-339.795715,3446.159912
1317.636719,-338.998840,3444.468018
1320.694458,-354.575775,3449.530273
1313.209473,-356.231567,3451.757324
1314.313599,-351.799438,3453.659912
1321.202515,-350.895203,3451.547119
1319.463501,-356.116821,3444.319824
1311.349854,-357.808014,3445.850830
1305.568481,-356.890320,3453.802979
1294.704468,-357.214142,3456.283691
1296.333252,-351.393768,3458.026855
1307.179199,-351.799713,3455.811768
1314.136353,-346.854797,3453.190674
1320.858398,-346.191650,3451.405518
1300.696655,-342.566254,3439.262939
1309.188477,-343.018799,3437.575928
1309.530396,-340.220459,3441.039551
1301.115234,-339.946472,3442.900391
1289.350220,-339.259338,3451.058105
1292.436157,-341.359009,3455.937256
1295.127197,-345.715240,3457.716553
1301.054199,-348.285156,3437.748291
1288.083496,-347.803497,3441.020752
1289.266113,-354.880646,3443.110352
1301.610474,-355.050842,3440.786865
1306.980469,-346.515717,3455.090576
1302.833496,-339.238617,3448.072266
1305.287964,-341.800873,3452.921143
1303.074341,-358.459656,3447.552979
1309.856445,-354.449768,3439.569336
1328.506958,-347.983704,3433.686768
1327.999878,-343.247467,3433.378662
1316.594116,-342.844940,3435.646973
1317.125732,-348.177002,3435.237793
1309.287964,-348.282135,3436.284180
1318.133911,-353.504700,3438.505859
1328.010132,-338.456451,3441.746094
1329.297974,-340.253845,3446.713135
1330.543091,-344.614563,3448.761475
1291.821289,-359.244263,3449.847900
1287.368530,-341.830780,3442.221191
1331.236206,-348.702118,3448.888184
1331.220337,-352.342560,3447.185791
1316.587891,-339.696899,3439.181396
1327.329224,-339.501740,3436.447998
1329.175415,-352.407349,3436.996338
1330.028076,-354.462830,3442.348877
1337.841675,-353.342560,3440.847168
1336.880493,-351.755554,3435.375488
1339.269409,-351.364777,3445.729492
1338.750488,-347.373871,3447.071289
1337.436157,-343.511963,3446.844482
1336.213379,-347.504822,3432.400635
1335.634766,-343.399994,3432.249023
1334.078003,-339.707855,3435.182861
1341.960693,-346.880463,3430.965576
1343.904297,-350.625000,3434.037354
1358.423706,-347.018188,3441.848877
1358.660645,-349.064758,3440.132568
1353.343018,-349.087708,3441.180664
1353.053345,-347.902008,3443.419922
1349.476318,-350.224213,3441.703613
1346.501831,-350.249878,3443.995117
1352.799194,-351.143372,3437.486816
1348.100220,-351.575562,3438.648193
1358.028442,-350.822205,3436.070801
1356.206421,-349.399597,3432.106445
1350.990967,-349.664459,3433.703125
1347.357910,-350.802887,3435.223389
1362.621338,-346.949219,3439.153076
1362.004883,-348.932983,3438.559326
1343.960815,-352.149200,3439.532227
1344.629028,-346.395844,3445.676758
1351.625732,-344.887451,3444.265381
1357.590698,-343.962677,3442.246826
1361.479736,-343.554840,3439.083984
1349.922363,-341.443542,3443.414062
1355.954224,-340.962585,3441.245605
1359.316406,-340.705536,3438.418701
1348.239624,-338.609680,3441.351318
1354.489502,-338.765564,3439.205322
1342.841919,-342.557495,3445.126465
1340.788330,-339.500671,3443.084229
1357.420898,-339.469208,3437.551025
1362.155640,-343.830841,3433.919678
1363.380737,-347.510040,3434.259521
1362.424194,-350.391083,3434.855225
1349.265137,-348.272980,3431.200684
1354.896729,-347.364471,3430.023438
1348.059326,-345.682556,3429.879395
1354.184570,-344.974274,3429.204102
1360.124268,-349.519348,3431.706543
1360.024780,-347.534607,3430.609131
1335.659790,-340.221985,3444.829590
1334.181396,-338.706543,3440.366455
1339.540649,-338.399750,3439.168213
1347.346558,-337.790436,3437.123779
1339.238159,-339.703033,3434.260254
1340.730469,-343.102234,3431.458008
1347.336426,-342.459595,3430.322754
1346.513062,-339.540192,3432.780029
1353.301025,-342.142822,3429.758057
1352.862793,-339.643951,3431.790771
1353.440796,-338.216064,3435.482178
1357.575195,-341.859802,3430.759766
1358.962158,-344.707397,3430.153809
1359.948608,-341.159027,3434.321289
1357.380127,-339.483307,3434.771973
1356.211426,-340.081360,3431.981445
1287.464844,-339.764282,3446.048828
1291.697388,-338.149658,3420.076416
1286.839722,-338.773499,3423.069092
1284.660889,-336.767853,3419.895752
1289.405640,-336.083710,3416.927979
1292.791016,-349.660370,3417.873535
1287.255737,-350.876465,3421.200928
1288.755127,-347.211578,3424.281250
1294.121216,-346.324677,3420.877197
1289.883789,-349.928467,3412.808350
1284.069824,-351.234741,3415.762695
1280.632202,-351.140350,3425.133545
1270.333862,-351.679688,3431.778076
1273.452026,-346.804443,3434.068359
1282.505981,-347.166107,3428.172119
1257.557861,-337.779816,3423.741699
1264.764771,-337.681305,3420.595215
1267.150146,-335.629456,3424.257568
1259.036987,-334.686096,3427.921875
1288.481445,-342.631500,3424.741699
1293.494629,-341.995300,3421.316650
1274.674194,-338.036133,3415.598145
1280.714844,-338.266907,3412.315430
1282.588135,-336.599365,3416.011719
1276.931030,-336.108002,3419.201416
1262.596191,-334.095245,3432.486816
1269.885254,-335.711578,3428.178223
1272.060913,-337.714294,3431.936035
1266.581055,-335.299835,3436.926270
1273.704224,-341.182037,3433.675537
1273.450684,-342.269531,3413.660889
1263.332275,-341.858795,3418.874268
1262.836182,-347.662750,3419.836670
1274.339722,-347.760651,3414.756348
1282.580933,-342.446564,3428.254150
1279.232056,-336.425629,3422.990234
1281.213013,-338.633942,3426.460449
1277.043701,-351.818970,3419.824707
1281.286621,-347.391693,3411.457031
1292.275146,-340.578186,3403.567383
1292.301636,-337.126465,3405.196533
1285.734619,-337.702087,3409.102783
1285.309814,-341.679962,3407.109375
1279.903442,-342.316559,3410.169678
1286.989502,-346.427612,3408.476318
1295.409180,-335.170441,3413.028564
1298.196289,-337.206055,3416.107666
1299.856445,-340.789093,3417.369385
1265.731201,-353.151459,3425.869873
1300.727661,-344.621155,3416.787109
1299.748169,-347.775391,3414.107910
1287.334229,-335.955444,3412.927002
1293.539917,-335.280701,3408.937988
1293.968384,-344.926666,3404.965820
1296.771729,-348.159302,3409.359619
1302.541870,-347.335754,3406.385986
1299.828613,-344.208313,3401.912598
1305.219849,-346.652344,3411.201416
1305.679565,-343.656830,3413.948975
1304.168335,-339.907654,3414.351562
1297.757080,-339.715668,3400.879395
1297.504883,-336.871887,3402.801514
1298.189209,-335.390808,3406.436035
1303.048218,-339.265930,3398.507324
1305.800903,-343.404755,3399.321289
1319.630615,-342.084778,3405.339111
1319.006470,-343.705353,3403.656738
1315.525269,-344.059753,3405.063232
1315.592529,-343.225311,3407.519287
1312.100464,-345.249054,3405.902588
1310.406494,-345.285278,3408.544189
1313.802979,-345.160553,3401.645264
1310.154175,-345.575623,3403.120117
1317.850342,-344.801788,3399.656250
1315.788330,-342.188477,3396.130127
1311.853516,-343.064484,3397.788330
1309.121948,-344.249054,3399.767578
1322.626953,-341.499329,3402.269287
1321.736450,-343.442871,3401.791992
1307.101929,-346.293457,3404.389160
1310.032837,-342.720795,3411.399902
1315.245605,-341.252075,3409.127441
1320.161621,-339.741394,3406.100830
1322.516968,-338.652039,3402.250488
1313.613647,-338.542572,3409.301514
1318.399658,-337.249329,3406.033447
1320.671265,-336.486481,3402.590332
1311.250732,-336.053802,3408.546631
1316.243896,-335.373566,3405.381592
1308.306519,-339.712799,3412.177979
1305.799438,-336.869751,3411.325195
1318.638550,-335.325287,3402.998779
1321.724609,-338.117920,3398.430420
1322.293701,-340.969604,3397.774414
1321.302124,-344.017792,3397.883789
1310.195923,-341.039825,3396.253418
1315.005005,-339.801575,3394.747803
1308.380127,-338.226990,3396.530029
1314.400146,-337.192841,3395.274414
1318.968262,-342.228882,3395.380127
1319.216064,-339.957489,3395.023438
1302.317627,-336.921783,3413.261230
1300.011353,-335.194183,3410.550293
1303.572388,-334.910980,3408.544189
1309.110596,-334.259460,3406.101562
1302.169312,-334.968811,3404.408203
1301.918823,-336.453094,3400.726807
1307.738037,-335.777069,3398.522949
1307.842163,-334.154572,3402.009521
1313.762939,-335.193481,3397.242676
1313.812866,-334.033142,3400.106689
1314.703491,-334.096741,3403.342285
1318.073975,-335.570129,3397.768799
1318.892822,-337.324371,3395.946045
1320.204834,-336.064941,3399.701904
1318.234741,-334.867157,3401.197998
1317.143188,-334.647766,3399.471924
1257.197388,-341.335724,3421.865723
1255.912964,-345.395386,3547.347656
1257.940063,-342.231934,3542.443359
1255.758667,-330.255096,3540.745117
1251.595459,-324.969666,3544.489014
1247.117432,-323.790253,3550.424316
1245.258667,-327.303223,3555.249512
1245.595337,-332.845062,3557.969727
1258.319336,-336.945557,3540.127441
1252.163208,-345.484528,3553.525391
1248.069824,-340.258484,3557.824463
1257.682861,-339.612244,3564.671143
1261.275024,-345.214417,3559.881348
1255.002441,-332.196594,3565.078613
1253.756836,-326.351471,3561.245361
1254.227051,-323.302704,3555.412598
1264.079590,-345.281616,3552.520752
1265.081421,-341.783325,3547.027832
1264.186890,-335.776611,3544.438721
1271.626831,-345.211029,3558.456055
1271.868164,-344.998871,3567.073242
1275.433228,-329.119110,3577.300537
1275.797119,-333.719971,3579.396240
1271.692261,-333.676880,3576.926514
1270.186646,-329.147736,3574.966309
1269.178955,-334.712921,3574.966553
1264.966309,-331.607208,3571.958496
1274.098633,-340.126221,3577.028076
1271.340698,-339.804688,3574.557129
1277.270508,-344.971191,3573.825439
1273.852295,-344.079376,3572.729004
1278.063721,-340.176239,3580.055908
1279.622070,-334.275421,3581.175537
1281.916382,-338.887268,3581.213135
1280.723755,-331.222656,3579.381348
1267.173340,-339.349091,3571.104492
1261.872559,-325.713867,3566.549316
1269.245850,-325.162781,3570.724854
1276.161377,-325.961212,3573.590576
1282.078125,-328.977814,3575.111572
1270.438110,-323.071472,3564.802246
1277.768799,-325.225922,3568.206543
1282.434448,-328.584778,3570.270996
1272.323975,-324.395538,3558.891113
1279.056274,-326.897400,3563.990234
1261.002808,-322.477051,3559.584229
1262.825439,-323.701447,3553.001709
1282.437256,-329.075012,3566.948975
1285.984985,-334.414398,3574.625488
1285.217041,-336.428284,3579.351807
1278.734009,-345.852753,3569.081543
1280.818115,-344.552582,3576.713135
1283.129395,-344.794312,3572.282471
1278.943726,-344.574493,3563.220215
1284.157715,-342.732941,3567.666504
1283.405029,-342.879456,3578.940430
1285.731567,-341.991852,3575.939941
1257.008423,-324.306976,3549.064697
1261.095947,-328.971558,3545.172852
1266.756592,-328.863953,3548.997559
1275.251343,-329.493927,3555.176270
1270.219360,-335.838348,3548.483154
1271.784668,-342.139587,3552.102051
1279.073486,-341.285217,3558.426270
1277.838257,-335.816742,3555.130615
1283.943115,-339.395233,3563.897461
1282.818604,-335.386993,3561.658203
1281.125610,-330.745178,3561.860840
1285.796875,-336.800385,3567.902832
1286.621460,-339.466095,3571.740234
1285.098633,-332.859680,3570.224121
1283.778076,-331.910156,3566.451172
1284.527344,-334.832031,3565.487061
1252.505981,-332.158997,3430.270752
1255.786011,-331.610992,3436.273438
1247.382690,-330.184814,3438.477539
1237.503296,-327.953766,3440.434082
1226.853760,-328.924500,3435.723145
1239.866455,-329.262543,3447.809570
1249.700562,-331.396271,3445.413574
1260.796997,-333.152039,3443.260010
1233.926636,-329.616180,3455.854980
447.982727,-612.677612,3636.625244
451.422699,-611.522156,3634.531250
453.069763,-605.270325,3631.778564
450.374695,-605.099060,3633.730225
446.924744,-605.194092,3635.433105
442.876465,-605.573364,3636.450439
437.405670,-613.483826,3637.449951
443.004913,-613.716125,3637.760742
427.377411,-608.190979,3634.595947
429.384003,-609.592407,3634.458008
428.192657,-607.205261,3635.099121
434.533936,-606.543701,3636.323730
430.690521,-607.098938,3635.271973
455.561340,-608.757080,3630.368896
456.423523,-607.481323,3629.060547
453.821991,-610.115784,3632.421631
438.646545,-606.034851,3636.754883
456.196960,-606.329956,3628.817627
455.000092,-605.599976,3629.829590
432.728455,-612.099609,3635.898682
447.311462,-607.551575,3635.423584
443.106659,-608.010742,3636.553223
438.294250,-611.102722,3637.219482
443.293335,-610.916870,3637.175537
434.886444,-608.449341,3636.394775
432.366577,-608.313599,3635.644775
450.494324,-607.160400,3633.803955
438.761047,-608.409241,3636.861816
447.752655,-610.275269,3635.705078
431.848663,-609.382629,3635.568359
434.113342,-610.470886,3636.409668
455.528320,-607.378296,3629.588135
455.387634,-606.958374,3629.522217
425.695221,-348.669861,3620.232422
425.460815,-332.079468,3629.378174
450.880646,-609.435425,3633.859131
454.365082,-606.848450,3630.439941
452.687500,-607.019409,3631.916504
453.039612,-608.627136,3632.043945
454.641083,-607.928528,3630.533447
732.866760,-354.395233,3553.537109
734.069397,-336.033020,3555.188232
735.152588,-392.098450,3505.823242
731.117310,-388.731720,3481.978516
475.063965,-13.744354,3709.508057
534.434937,-66.008476,3459.841064
536.942383,-87.838280,3453.566406
449.907104,-86.236305,3424.455811
472.377319,-81.371086,3425.988525
573.554565,-70.063377,3591.883057
572.267395,-47.874443,3595.000977
526.987183,-64.488632,3663.488525
524.163879,-39.063366,3666.935059
559.485901,-21.819384,3625.100342
498.586914,-27.999506,3441.547852
495.576599,-51.501060,3437.820312
516.926880,-48.279316,3448.632812
520.935120,-26.142992,3450.737061
428.084747,-62.016014,3434.569336
428.016815,-90.115181,3429.123779
582.303162,-93.755180,3558.438721
581.132507,-94.846298,3526.389648
560.438782,-102.474129,3469.217529
542.300659,-109.539467,3448.117676
498.638824,-128.511307,3422.483154
521.352844,-119.068207,3433.286865
509.783691,-90.018402,3679.397461
489.238464,-115.814507,3688.430176
575.063599,-93.344688,3589.520508
431.711700,-90.837593,3712.230957
451.023712,-169.772507,3409.268311
476.850159,-164.123154,3411.262451
573.677551,-97.858589,3496.004150
443.461609,-284.850891,3650.182861
443.456360,-266.986084,3657.085449
463.537445,-271.185638,3657.246582
464.277618,-288.349396,3649.039062
482.870636,-273.061768,3655.371582
501.097809,-274.030548,3651.772705
518.024170,-274.232452,3647.092041
559.690857,-269.404297,3629.647461
547.351074,-272.032196,3636.135498
578.956116,-260.016968,3613.483887
570.325195,-265.881134,3622.542969
583.584778,-249.153839,3601.195312
584.877014,-236.290695,3585.636719
587.517761,-223.204041,3568.511719
590.720520,-237.200806,3562.662354
580.584961,-222.238007,3592.981689
577.672913,-235.073944,3607.335449
572.775574,-245.220123,3619.572266
426.731842,-219.599487,3667.282227
429.574554,-193.701035,3673.903076
424.577881,-364.314026,3611.999023
965.685364,-327.142975,3449.273926
1108.557251,-364.326294,3513.179443
436.668427,-388.285034,3428.936279
419.004059,-383.947662,3431.879150
403.553864,-368.604706,3430.135254
403.331787,-381.144165,3434.274902
514.741089,-419.024750,3462.807617
499.495850,-404.991180,3441.536133
477.073364,-392.359833,3429.630615
456.241180,-382.915833,3424.129883
563.450684,-115.691406,3616.384033
439.216614,-347.945343,3413.871826
457.992432,-370.104675,3417.608887
481.348755,-380.310516,3422.095459
505.577209,-393.444244,3433.371582
529.420593,-409.423126,3454.968994
548.999634,-410.413666,3462.796143
575.196594,-392.719421,3456.340332
586.597107,-393.360779,3462.582275
587.855225,-408.496307,3480.370361
601.568176,-408.709015,3485.217041
599.720093,-394.690582,3466.673340
695.743774,-387.764771,3472.199219
710.953735,-381.344299,3467.565674
719.913940,-370.502258,3460.204834
724.339966,-357.094391,3453.281250
723.525391,-342.438202,3447.949951
717.188477,-328.118561,3445.768311
705.115051,-316.535583,3446.746094
661.706970,-294.475677,3455.948975
644.834473,-286.541534,3458.467529
607.581055,-247.145294,3451.778809
598.140503,-238.312454,3448.176270
558.057800,-195.279770,3437.328369
571.124084,-209.459885,3440.172607
546.095581,-178.382156,3432.865234
511.970764,81.456306,3442.805664
509.611359,61.640396,3446.251709
531.175964,59.713364,3456.403564
532.113770,79.367996,3454.869629
430.570160,21.707653,3442.062500
456.549713,20.739809,3438.960449
580.236633,62.354462,3550.322998
577.882263,59.227333,3519.029297
567.138062,58.310883,3492.502686
550.870361,58.516964,3471.993164
574.073792,68.858101,3581.097168
484.744904,112.350227,3685.127686
506.680603,104.883087,3669.661621
418.892395,124.435219,3706.396973
439.913208,121.571419,3703.356445
562.125671,77.568413,3607.751465
462.024567,117.832481,3696.498779
527.294739,96.577492,3651.520996
546.583252,87.267685,3630.992188
507.604889,41.167423,3445.868652
484.586243,43.278202,3441.032227
481.409668,19.643932,3439.444092
443.334747,-241.374054,3402.538818
465.508118,-243.944397,3397.600098
488.018463,-248.277679,3395.614990
505.790344,-274.224243,3396.041992
526.595093,-282.685242,3402.437744
530.740112,-263.161072,3403.647217
509.845490,-254.643890,3397.950439
564.523254,-301.060333,3420.640869
580.297485,-308.877228,3426.328857
582.135376,-292.431824,3428.287598
567.498413,-283.347321,3422.001465
595.489624,-300.096466,3433.306641
606.781128,-304.952911,3438.988037
619.666992,-309.711426,3443.771240
635.440918,-315.205536,3444.564209
631.713867,-341.224609,3440.692383
617.374817,-337.180573,3439.076904
563.835449,-319.806580,3420.788086
544.702148,-311.967804,3413.010742
439.963104,-281.071167,3401.620117
420.902649,-278.708282,3408.450439
592.521912,-214.783936,3548.593750
597.372620,-207.559021,3526.729004
599.658936,-203.858978,3505.454590
598.072449,-203.778519,3486.263184
594.085999,-207.267792,3469.660400
587.817078,-212.459259,3455.209473
580.440613,-220.284439,3442.895508
588.904846,-229.719910,3445.149902
572.704956,-229.918213,3432.516846
583.131897,-239.378662,3436.135254
564.403687,-241.970596,3423.881592
555.943176,-256.311310,3416.885742
549.709595,-272.979248,3412.820312
545.644165,-291.898987,3411.769775
503.657806,-295.198395,3397.119873
524.425171,-303.613068,3404.006592
480.988892,-309.354553,3397.438477
481.212555,-328.994446,3402.228516
483.549652,-268.641083,3393.941895
482.054657,-289.026703,3394.489258
482.289551,-431.512390,3463.800537
464.102203,-423.104462,3451.335938
690.677063,-328.591248,3445.562256
702.652466,-329.647827,3445.733887
695.755005,-320.228516,3445.991211
688.846436,-321.751190,3445.904541
706.393738,-340.912048,3447.156982
691.404724,-348.639435,3448.275146
706.456055,-353.526520,3450.420410
691.835876,-338.717194,3446.118896
703.192200,-364.853973,3454.910156
689.087952,-359.788666,3451.000488
696.887878,-374.268829,3459.338379
685.397644,-368.546692,3454.358643
681.808289,-374.223907,3457.397705
687.133057,-380.216766,3462.479980
644.339172,-370.036102,3450.628418
658.674255,-372.154144,3453.746826
672.422852,-373.330200,3456.006104
650.686707,-320.258942,3444.961914
665.297302,-327.829376,3444.842773
678.626343,-333.872925,3445.277588
677.727539,-344.182220,3446.150635
663.853882,-338.131226,3444.387207
649.093140,-331.373138,3443.045410
439.938141,-262.965485,3400.494629
461.165192,-265.185364,3396.255615
593.840820,-314.693542,3431.710938
605.560547,-318.551727,3436.348633
618.059998,-321.947693,3440.235352
633.080688,-326.905792,3441.757812
604.981323,-333.430725,3435.482910
592.826721,-330.181030,3431.324219
579.404358,-325.812134,3426.324219
460.939819,-284.944672,3396.603760
420.988922,-261.255676,3406.282959
609.810974,-373.496826,3579.040039
608.482300,-399.645142,3563.587646
608.756226,-416.026581,3538.644775
605.696045,-417.649597,3510.177734
402.371826,-418.791107,3449.652344
876.597778,-296.753540,3493.081299
404.598999,-197.383331,3416.399414
404.370270,-218.875198,3413.914307
407.099945,-121.046875,3430.643799
406.057800,-148.812439,3425.684326
453.704498,-5.742736,3439.215576
429.190735,-6.635487,3442.572998
428.266785,-34.588917,3439.580566
404.530823,48.911198,3444.511719
404.630768,21.587864,3446.112549
405.890411,-37.120602,3445.797119
406.644196,-65.213455,3440.740723
426.710510,-172.503387,3415.153564
422.684448,-240.162338,3408.409180
403.934448,-261.030304,3409.373291
403.892090,-277.915527,3411.373047
404.001709,-294.040253,3413.629883
527.396606,-241.413666,3657.638672
529.843811,-257.292053,3650.241455
515.661743,-258.074799,3655.461426
514.277100,-242.223404,3662.521240
549.796326,-239.377029,3644.211914
554.196899,-254.119400,3637.008301
542.838318,-256.060760,3644.008789
539.194702,-240.624878,3651.240234
564.318726,-250.633926,3629.285889
559.028625,-236.408432,3636.048096
525.891541,-225.220520,3664.030029
537.128418,-224.962448,3657.855469
513.208618,-225.947113,3668.130615
554.654053,-222.485626,3642.632324
546.656433,-224.238113,3650.579590
418.400024,-478.956421,3643.002441
417.617157,-486.686676,3657.697021
411.159363,-534.543274,3668.261963
410.802704,-539.454102,3665.805908
410.722015,-462.328613,3624.475342
410.677399,-452.205688,3619.793945
408.349396,-513.951416,3667.942871
408.596893,-497.917236,3669.185791
408.586548,-564.340210,3667.775146
408.523438,-560.188538,3666.642334
408.698730,-547.574829,3668.659424
408.745300,-543.258789,3667.376465
410.505920,-440.945374,3613.895020
410.485687,-470.674194,3631.792236
409.728302,-417.166840,3605.017090
409.341431,-406.547455,3601.560303
422.302002,-397.846863,3599.519531
422.694733,-387.390472,3600.775391
425.348053,-241.783340,3660.605225
423.970612,-298.198273,3644.444580
424.047882,-279.760681,3649.343018
424.753845,-315.340851,3637.848389
423.575562,-376.614258,3605.289551
410.247314,-429.147003,3608.829590
408.593567,-529.108398,3667.735352
408.349304,-522.840881,3665.660156
408.607452,-555.681274,3666.922607
408.639282,-551.634888,3667.794678
407.255463,-347.018433,3620.187988
406.805420,-330.504242,3630.075928
424.602539,-261.159668,3654.626953
407.543091,-215.476364,3663.565918
406.950531,-189.939346,3671.125000
407.575928,-362.820129,3611.626953
406.782410,-163.356003,3682.459961
568.032776,253.467941,3479.512939
549.587646,269.287811,3458.555908
542.898560,254.771118,3448.047852
556.870483,242.233871,3462.518311
568.200562,199.332779,3480.514893
570.739868,172.590042,3486.723633
572.677002,144.310181,3490.832764
522.734558,262.603821,3434.703857
497.650635,246.582687,3416.645996
498.117584,265.870789,3424.183594
557.659485,145.923462,3463.866211
556.523315,173.093079,3460.977295
550.096497,236.756897,3452.888428
553.272034,222.097549,3454.301514
565.792358,223.327576,3471.979736
521.590576,244.866165,3427.613770
539.151001,241.493698,3441.504639
467.295105,85.113121,3430.717285
470.135681,105.313049,3422.127686
441.204041,106.009346,3420.613281
550.927063,77.503082,3472.178711
535.375916,99.343491,3450.618408
403.717224,245.854828,3426.639648
539.658997,223.493484,3437.493652
496.552979,224.380844,3411.497070
521.121399,224.228027,3422.663086
497.486664,149.556671,3414.518555
520.123840,148.798401,3426.307861
519.885803,174.820251,3422.332764
496.878937,174.390671,3410.224854
539.755066,148.103058,3442.375977
538.505005,122.153015,3445.960449
496.360962,125.434784,3420.381104
518.427063,123.808266,3431.146240
515.277832,101.244301,3437.191895
539.682495,174.837021,3439.210205
496.267273,200.002579,3409.001221
467.460510,199.899796,3402.930176
436.810272,198.983871,3403.715088
406.186554,199.917053,3406.199463
406.665222,175.431793,3404.354736
493.751953,103.303001,3427.847656
487.404938,63.664810,3440.485596
490.651245,83.293007,3435.442139
478.137360,-5.131900,3439.812500
518.395691,519.682556,3637.807617
396.691162,311.277069,3549.715088
395.136963,323.441681,3582.451172
581.605469,227.125580,3605.686768
588.109192,237.834091,3525.185547
576.255554,228.557861,3496.503174
405.183838,332.552704,3635.266602
421.306488,326.758942,3659.443848
560.187683,237.224899,3636.348877
504.724152,291.420013,3676.428955
397.347870,331.044434,3609.659668
555.889221,199.190582,3457.716797
539.827698,201.038177,3437.842529
520.520325,200.687531,3421.158203
467.299530,223.493484,3406.087402
435.372101,221.477478,3407.623535
405.277679,221.000488,3411.809326
419.197998,275.694061,3693.862549
409.006378,269.462616,3699.584473
416.245636,266.064362,3699.823975
401.793274,253.582306,3700.924805
401.218994,271.722931,3697.532715
408.650879,284.518463,3690.960938
400.927734,286.657928,3688.128174
400.943085,303.113647,3678.623291
480.373932,133.473618,3679.407715
503.657867,126.381187,3666.129639
417.244598,146.863464,3698.487793
436.371460,143.561722,3695.235840
564.129700,98.834213,3608.181641
457.418152,139.239304,3689.210205
526.500366,118.337753,3650.644775
547.952637,108.756378,3630.815918
407.116241,126.883728,3412.214600
406.676666,105.141579,3420.520264
399.317078,149.404526,3698.641113
409.038055,-486.188110,3658.107422
409.578308,-477.858185,3643.579590
408.554108,-681.295715,3629.366699
403.286224,-470.703186,3478.291016
408.617126,-628.065674,3650.906006
408.576996,-539.272095,3665.619385
408.748199,-567.113281,3670.544678
408.842377,-396.418976,3598.474121
408.390137,-385.430939,3598.467285
400.757294,293.998444,3545.758789
407.997772,-374.642212,3604.136475
401.400635,293.454285,3531.417969
407.019379,-93.043221,3435.451660
474.780090,1010.781738,3512.644775
472.727509,1008.469604,3496.960938
474.589569,1042.233765,3501.203125
473.721191,1043.806763,3516.876465
490.786987,1003.846863,3466.405029
479.034637,1005.742798,3475.308594
506.505981,1003.711243,3464.150635
520.899231,1005.063538,3470.349609
515.990479,1038.809326,3472.977783
503.956604,1037.953613,3464.487793
530.896912,1006.295471,3480.378418
534.246826,1040.732666,3493.854004
538.172729,1007.507812,3492.410889
540.558472,1009.115479,3512.084229
534.839905,1040.802979,3513.081787
534.282471,1013.635132,3534.428711
528.326660,1044.527954,3533.952148
517.957581,1016.563416,3546.007080
481.253571,1014.333008,3527.896973
478.057007,1046.230347,3533.640137
489.216034,1038.117432,3465.856201
479.766113,1040.133057,3476.031250
476.639435,1041.171753,3489.444092
474.463196,1007.286804,3485.168701
472.308929,1075.258301,3505.234131
466.552216,1075.318359,3523.317871
487.276733,1071.323120,3465.372803
481.563354,1073.012573,3480.621338
511.337097,1071.716797,3474.388672
501.550964,1070.685669,3462.801270
534.868958,1072.768921,3493.687988
524.286011,1072.312866,3482.951660
526.069885,1039.739136,3482.361572
534.987122,1072.149048,3513.322998
528.375366,1073.419312,3538.703125
471.949341,1075.694580,3542.536621
476.765808,1074.857910,3492.700195
532.533508,1173.814331,3714.565918
531.039001,1168.726685,3713.786377
526.118774,1168.711426,3714.482666
524.744202,1174.541260,3715.516113
486.471222,1175.564819,3727.004883
484.142120,1163.498657,3729.453369
474.945435,1165.400513,3726.367920
473.958801,1179.478638,3723.591797
507.080688,1175.548828,3725.132324
508.653290,1179.394043,3721.437500
514.049988,1179.232544,3721.033936
516.102417,1175.308228,3725.017578
558.057800,1170.377686,3680.076172
558.460327,1175.393311,3677.203613
563.228943,1175.081909,3675.575195
564.256653,1170.798096,3677.067139
542.115417,1173.917725,3700.886230
542.769531,1178.983398,3697.537842
547.325745,1178.204590,3696.106201
548.857056,1174.395142,3697.847412
489.135864,1158.928589,3702.441406
473.533691,1157.856445,3699.144775
473.448212,1163.140747,3715.429688
487.279938,1160.539429,3718.496826
467.052734,1174.083252,3710.570068
467.464020,1171.140625,3692.992188
475.829102,1179.920898,3691.429688
475.419159,1179.635254,3707.565430
489.482910,1179.536865,3695.587158
487.967529,1179.369873,3710.107666
496.447937,1171.307861,3700.994385
496.648651,1170.960693,3717.121094
518.539734,1169.179688,3702.740967
513.546875,1160.427368,3703.585449
514.501221,1165.486816,3717.375732
520.994141,1172.712036,3716.095947
501.185608,1161.926514,3704.958496
505.637634,1165.938110,3718.243652
497.392090,1173.734009,3703.502686
503.512634,1179.426636,3699.558594
505.787781,1179.488892,3713.865723
499.582764,1173.939697,3718.058105
513.698547,1178.097534,3699.258545
515.725037,1179.367554,3712.904785
533.239624,1160.527466,3695.812500
521.379333,1161.730103,3698.213379
524.193176,1166.600952,3708.347168
532.466187,1166.221191,3707.344971
519.451782,1175.652710,3708.329590
518.000244,1173.208740,3697.672607
524.043518,1178.330933,3694.554688
525.425476,1179.203979,3706.298584
534.293030,1177.135498,3693.321289
533.731140,1179.030884,3705.669434
538.541260,1168.052002,3695.657715
537.919250,1172.431885,3707.361328
555.819214,1167.787842,3680.312744
551.987671,1160.036987,3681.214355
550.153442,1165.847778,3691.726074
553.621338,1172.463867,3690.377930
543.006287,1160.648804,3685.420410
543.379883,1165.721191,3694.175781
538.445557,1170.873657,3694.918457
539.410339,1167.541992,3687.397217
542.597351,1177.092529,3682.723633
541.250854,1179.166748,3691.893555
551.657898,1176.816284,3678.986084
549.555481,1179.158447,3689.478760
568.358887,1159.918823,3662.554932
566.322327,1163.444092,3672.032471
568.470581,1169.800537,3670.187988
570.085022,1167.883911,3658.944824
560.756714,1159.208252,3668.051270
559.899170,1162.584839,3674.796631
555.619568,1168.030029,3674.871826
557.618958,1165.857544,3669.536621
558.140930,1175.239136,3665.231445
556.884155,1176.256226,3671.973633
565.621643,1174.702393,3660.531982
564.927002,1176.170776,3669.307373
495.107544,1158.001709,3686.476807
475.481018,1153.561401,3682.642334
476.945496,1179.448364,3718.635986
469.759644,1168.541626,3676.563721
484.069336,1179.263550,3719.973389
496.091949,1179.354370,3682.031494
478.942902,1179.037842,3675.156250
496.328949,1171.148804,3693.948242
514.037292,1169.071899,3724.487793
518.351196,1178.210449,3680.916748
517.597046,1170.503906,3691.687012
508.647430,1169.297485,3724.865723
516.089539,1157.562988,3685.237061
536.586060,1158.274414,3675.953125
527.106018,1179.036377,3712.583984
531.624023,1178.999390,3712.128906
539.126953,1177.448975,3673.747070
539.888733,1166.209229,3685.308350
548.114563,1169.375000,3697.872803
556.090332,1176.202515,3661.547119
558.151367,1165.402710,3669.925049
544.253357,1169.001831,3699.061279
555.726440,1156.718994,3663.322998
563.240173,1166.682495,3676.723145
567.656250,1175.102295,3648.676514
572.998230,1166.260254,3645.187500
559.902222,1166.033447,3678.656494
569.121216,1156.963379,3650.254395
487.983765,1048.180542,3546.149902
490.260773,1017.086731,3540.285645
502.222046,1018.443359,3546.809814
500.199249,1048.967163,3552.047119
514.657104,1047.147461,3548.389404
485.118500,1075.869263,3556.193115
499.279175,1075.293579,3561.255859
513.978333,1075.313599,3554.905762
538.795593,1098.118774,3511.738281
537.124939,1097.277832,3490.790283
522.637024,1097.053345,3481.368408
511.402893,1096.932373,3470.216553
501.788208,1096.064575,3457.787842
472.329559,1101.019653,3548.127930
484.073944,1097.535156,3567.670166
499.522461,1094.627808,3575.192383
517.368286,1095.488770,3566.448975
472.807739,1147.688843,3663.742676
492.985168,1144.604736,3665.876953
489.831818,1134.797852,3644.232178
473.816101,1146.449341,3640.424316
513.333069,1148.074829,3662.497314
511.043671,1135.042236,3640.581543
533.214233,1149.811768,3654.233643
530.452759,1138.757446,3632.487061
551.993103,1150.986938,3643.455322
547.844055,1143.547974,3622.193848
568.213135,1153.737061,3633.411377
563.733154,1149.878784,3611.901367
576.397400,1164.091553,3628.142090
573.736084,1160.989258,3605.947510
467.593964,1167.139526,3657.609863
470.303986,1164.463745,3634.590088
478.921234,1180.140503,3654.456055
481.130493,1180.131470,3631.761963
497.908783,1179.887329,3653.938721
499.087585,1179.765503,3630.077881
568.274292,1174.673584,3608.428711
569.550415,1176.487915,3631.086670
519.014038,1178.941040,3650.038086
519.635498,1177.869995,3625.685303
538.785828,1179.289795,3643.971191
538.650940,1178.235474,3619.716064
555.594299,1179.015381,3637.046875
555.024841,1178.211914,3613.533936
485.948944,1127.251831,3617.989990
507.118225,1120.249268,3617.569824
525.857605,1124.995972,3608.535889
542.654907,1133.040649,3596.666748
557.301392,1144.833984,3585.530518
568.401978,1157.262573,3579.875244
541.529358,1119.658447,3564.956543
551.399841,1142.150635,3556.367676
559.677307,1156.376831,3553.507080
552.302795,1155.766968,3527.147949
547.380371,1140.776855,3527.522705
537.439087,1140.882690,3481.406982
542.080994,1140.060913,3501.655273
548.133667,1155.230103,3500.906982
543.736572,1157.695312,3479.375244
542.821167,1120.602173,3532.686035
538.881897,1119.514038,3506.566406
531.273071,1118.942017,3488.000977
524.448975,1159.014648,3453.529785
522.229919,1140.202026,3453.826904
531.430359,1141.045776,3466.926025
536.697205,1158.702393,3464.562500
505.783569,1161.287842,3448.705811
504.155701,1141.950317,3446.539307
485.660095,1144.583496,3458.522705
486.887604,1163.293335,3458.786377
516.863220,1117.752808,3462.175537
523.683044,1119.072876,3474.821533
503.328735,1117.884644,3453.215820
486.364258,1120.530151,3462.676514
478.146942,1145.641357,3479.386719
480.199066,1121.837891,3481.303223
477.625458,1163.785278,3478.806152
475.059570,1144.886719,3613.089600
475.110748,1159.962402,3608.105225
522.502136,1109.084106,3586.221191
502.312073,1106.831787,3594.812988
481.613617,1116.874023,3585.941895
472.490662,1142.034790,3583.246826
477.361938,1158.369507,3579.073975
470.412262,1143.512695,3554.965576
477.949921,1158.467529,3552.580078
484.689087,1171.899780,3605.099121
488.108002,1166.201172,3576.596924
487.681458,1166.054932,3550.457031
470.970276,1144.557495,3530.910156
476.455048,1159.937134,3529.491455
474.251526,1144.814697,3511.432617
475.825684,1161.160767,3510.895508
475.540070,1162.534912,3495.499756
476.128052,1145.435059,3495.978760
473.329193,1123.176758,3509.943359
476.374298,1122.068848,3496.157715
470.553223,1124.256836,3529.525879
471.370575,1122.210938,3554.609375
564.795227,1171.778687,3581.775391
558.234314,1169.210449,3554.818604
550.675964,1167.005493,3528.782715
545.460999,1168.590332,3503.097168
538.924561,1170.748413,3483.049316
531.674805,1171.607300,3470.222412
521.374268,1171.541504,3460.707764
505.913727,1171.684937,3457.976807
492.138458,1173.066895,3464.624268
485.374268,1174.626343,3480.291748
483.142975,1175.239136,3495.023438
485.098297,1169.670288,3527.553467
482.913971,1173.640015,3509.814697
466.736603,1101.926758,3526.814453
469.975281,1100.786499,3507.666016
474.854584,1099.588135,3495.084229
486.849548,1097.258301,3465.591553
481.571503,1098.205322,3483.014160
500.575897,1175.839722,3602.382812
519.718689,1174.930298,3597.918213
537.758667,1175.348267,3592.045654
552.765625,1175.471069,3586.399414
548.334045,1173.352539,3558.627197
534.749512,1173.281372,3563.176758
517.750488,1173.064697,3568.375244
501.158112,1170.513184,3573.510498
541.587219,1172.702271,3532.565430
529.394165,1173.544922,3537.028076
513.819885,1173.567749,3541.270264
499.338379,1171.565796,3546.926270
495.600891,1175.451294,3523.820801
508.377716,1176.129395,3517.692383
522.594055,1175.412842,3513.677734
534.411682,1173.865356,3508.314453
528.140808,1174.891235,3489.560303
517.030884,1176.071899,3495.588135
504.288361,1177.153076,3500.034668
493.550781,1177.305664,3505.628662
522.933838,1175.150391,3478.406982
506.777893,1175.419312,3466.899414
516.265625,1175.148682,3470.612793
497.624084,1176.827881,3470.376953
494.075348,1177.552002,3481.369385
493.109711,1177.838989,3493.030518
501.938934,1176.912964,3480.876709
502.711060,1177.123535,3489.353271
513.690002,1175.982178,3484.878662
510.398041,1175.804810,3477.410156
502.178070,1176.489380,3474.450195
506.509186,1175.933350,3472.828857
530.713013,1100.048340,3543.177002
401.859344,-431.641357,3457.262207
403.655273,-354.894653,3425.881104
488.852905,701.468140,3587.421875
504.445984,704.945862,3593.747314
522.004700,703.874390,3595.474365
532.749390,248.030609,3660.035645
498.766571,-14.663122,3691.173340
506.908173,-64.589218,3683.696045
503.046692,-39.267689,3688.052002
535.780884,282.802338,3664.674805
562.050903,-91.784065,3616.585205
404.583649,236.945236,3420.462158
403.716705,-310.160828,3416.001221
533.503906,-273.657379,3641.664795
406.875305,150.613281,3406.634521
494.052948,-587.422241,3549.080078
491.462769,-585.417297,3547.430420
490.878601,-581.752075,3546.194824
490.036469,-579.737793,3542.222656
489.509827,-577.806091,3538.821533
489.058319,-576.961853,3536.254395
492.590149,-582.509033,3543.724121
490.505341,-585.598145,3540.415039
491.743317,-585.653931,3543.772949
493.057129,-584.469055,3545.385498
406.543610,-313.068756,3637.873291
406.554932,-294.885284,3643.282715
407.034088,-276.080841,3647.628174
407.415192,-257.199188,3652.148438
408.577271,-534.448547,3668.360352
397.783600,49.637856,3719.029053
397.713593,32.285244,3720.801514
405.201141,-7.806406,3447.884521
398.629974,104.909241,3713.661621
397.431641,13.717554,3726.134521
405.229736,-173.859604,3420.535400
407.721954,-237.634033,3657.227295
398.625092,126.719681,3705.912598
403.951019,-240.335480,3411.961182
398.609802,-11.900462,3726.983887
402.162872,230.807907,3699.591309
402.176331,-89.092934,3712.333252
364.147217,-652.154175,3624.663818
352.047607,-642.537903,3616.127441
357.456177,-634.400696,3627.195068
369.293518,-640.190491,3635.444824
360.833038,-627.075989,3635.687256
371.653625,-630.128357,3641.884033
344.960693,-630.953918,3606.730225
349.727997,-626.450623,3618.703369
342.831207,-588.850891,3614.666504
345.054108,-598.344360,3613.487061
338.831116,-594.586792,3605.374268
337.868622,-581.810608,3606.239990
342.808990,-561.177917,3617.402100
340.316589,-549.947998,3608.389160
345.544525,-542.835693,3620.086426
349.214539,-554.169983,3627.151611
383.450684,-574.329285,3648.113037
380.159760,-580.251404,3645.305664
374.002502,-573.881531,3645.308838
377.891418,-567.032532,3648.300781
392.662750,-586.748230,3653.175049
397.100250,-591.693481,3659.477783
396.531311,-596.521362,3653.312988
391.374451,-591.273071,3648.293701
388.877899,-568.815857,3650.734619
382.956482,-561.093140,3650.583740
389.835449,-577.016602,3653.184814
388.111023,-580.903809,3648.999023
393.731689,-573.550476,3666.260742
397.056671,-574.992676,3671.272461
395.853210,-581.033447,3670.366699
392.112793,-578.364258,3663.594727
389.952057,-570.039734,3656.306885
393.950684,-567.388062,3659.467773
392.470612,-570.756409,3662.053223
389.920868,-574.273132,3658.688721
393.140106,-582.721252,3658.262207
396.844757,-586.813171,3665.156494
401.306976,-589.786072,3672.497559
400.955536,-582.039001,3677.949219
366.452606,-551.449768,3645.471436
371.487274,-547.965942,3649.445068
376.791138,-554.458374,3650.517822
371.848419,-559.409180,3647.552490
392.878204,-562.998169,3656.372803
389.445160,-545.699707,3661.639160
395.490021,-547.623413,3665.219238
395.484161,-552.070129,3664.591797
388.781250,-550.141174,3660.586670
359.774719,-534.155701,3639.665039
359.446869,-524.596191,3637.668701
366.167847,-525.727966,3644.762939
366.100800,-533.565247,3645.854736
368.654602,-518.712524,3645.358887
361.877014,-514.922241,3637.312988
372.760773,-498.249786,3643.562012
378.700897,-507.078644,3652.888428
373.182648,-512.537109,3647.796143
366.540924,-506.111084,3639.501953
391.718628,-514.545349,3661.017822
385.347229,-502.482117,3659.813965
392.657532,-499.561096,3666.046143
397.762451,-513.697754,3664.864258
390.276062,-538.369995,3658.706543
390.086700,-541.890503,3660.695557
385.544708,-540.200256,3657.528076
386.001495,-537.729736,3655.940674
381.428925,-536.866882,3653.280273
381.519318,-537.756470,3653.964111
379.621460,-538.395081,3653.736084
379.397125,-536.465515,3652.479980
383.572479,-537.241211,3654.439697
382.657776,-535.845825,3653.746094
385.074768,-535.096436,3655.356689
388.706421,-534.740540,3658.694824
402.716034,-534.296509,3667.267578
403.797699,-539.385620,3665.125732
400.249908,-539.211853,3663.786133
398.474304,-534.379578,3665.843262
381.425476,-540.629822,3655.491699
384.430634,-543.035339,3657.935059
382.870422,-546.483215,3657.387695
378.807831,-542.706848,3654.889893
375.582520,-545.052490,3653.076904
372.909363,-539.967163,3651.296631
376.722504,-539.222473,3653.056152
380.623444,-534.372437,3652.457764
376.229553,-535.628052,3651.568115
377.424042,-532.169556,3650.713867
379.953918,-528.872009,3652.178223
383.190674,-532.497864,3654.273682
386.847656,-531.064026,3657.810303
383.824921,-526.194946,3655.567383
389.333862,-524.270813,3659.395508
391.775146,-529.760742,3662.034668
380.590942,-550.466248,3654.922363
371.751740,-534.547913,3649.579590
368.159576,-541.209839,3647.684814
372.419769,-528.876770,3648.574951
375.009033,-524.026184,3649.588867
385.061188,-516.684204,3656.524170
379.206329,-519.848022,3652.508789
380.921844,-491.685669,3650.196289
390.720551,-487.690521,3655.346191
365.214264,-620.813782,3637.057129
374.174561,-622.903870,3639.976318
364.883911,-612.654236,3633.334961
368.762329,-614.197266,3635.343018
368.088440,-616.964783,3635.701904
363.197937,-614.749451,3632.723633
351.503723,-601.762146,3618.613525
349.326538,-594.876282,3619.461426
355.570801,-600.487793,3622.767334
356.527344,-604.710449,3623.118408
362.873322,-594.044678,3631.432129
365.441559,-601.601440,3632.294189
362.246857,-601.965698,3629.656494
358.496979,-594.667175,3628.051270
369.338440,-601.705078,3634.302002
367.908997,-594.861145,3634.196777
373.020599,-596.540344,3635.978271
373.615417,-602.375305,3635.522705
375.062408,-618.421570,3637.182373
374.404388,-615.231445,3636.710205
380.687286,-615.077881,3636.164307
382.466156,-618.461975,3637.038330
390.674255,-608.048035,3633.414307
393.745667,-607.998413,3635.557861
393.458313,-612.465759,3635.244873
389.846375,-610.633118,3633.562744
389.118958,-606.107056,3634.368164
391.041443,-604.586853,3636.155518
372.583344,-674.063538,3619.716064
357.818665,-664.053467,3610.907959
378.296692,-658.178345,3632.118652
345.727997,-650.752502,3602.344971
339.170044,-635.683960,3593.770752
343.796936,-531.870605,3613.541992
351.166351,-526.703003,3626.798584
352.654053,-537.395264,3630.745361
345.409668,-519.980225,3609.824219
353.601807,-515.065063,3625.217041
368.376160,-492.814789,3627.944824
359.102905,-503.009796,3625.524902
338.196899,-527.642578,3592.842773
340.401001,-517.201416,3586.668945
350.593170,-507.202209,3606.121338
334.753571,-529.718262,3570.077393
336.955048,-525.308228,3560.750000
344.561981,-505.758118,3577.234863
363.359802,-465.612000,3589.772705
349.375336,-471.573730,3574.116455
347.450989,-457.783081,3570.699219
361.078857,-452.105835,3586.833496
337.944458,-538.659790,3599.256348
336.113678,-604.382996,3595.699951
333.634827,-589.862366,3594.063721
341.887177,-606.563110,3607.087402
334.925262,-663.395752,3565.083740
329.471436,-645.877930,3562.452881
334.028015,-641.142334,3578.760742
340.974030,-658.278137,3584.476318
364.171875,-699.421692,3572.765625
347.247955,-683.683167,3569.188965
352.779633,-675.170349,3591.972900
368.066101,-688.599915,3598.418213
324.967865,-646.407104,3546.340088
330.613800,-664.884644,3544.213135
327.929504,-660.762939,3521.535645
323.132294,-643.375793,3528.683594
343.079712,-685.879333,3540.892090
339.598541,-680.072693,3511.825928
337.191589,-527.771362,3546.472656
339.467468,-508.369690,3553.362549
341.183350,-491.665649,3556.525146
350.113861,-487.580048,3576.840332
357.695984,-697.454651,3504.200439
361.742920,-702.233887,3539.716797
334.389374,-612.339783,3482.264160
328.811768,-604.207886,3498.199707
325.274780,-620.740356,3506.429688
330.316833,-632.147766,3489.023438
343.981628,-619.891602,3466.277100
340.401459,-643.875854,3472.875488
346.927704,-553.854248,3487.895508
357.810333,-555.114563,3473.965332
362.348450,-537.349609,3483.322510
352.890289,-537.236694,3497.294434
353.718353,-621.887878,3628.219727
350.006805,-615.330444,3621.135498
355.568298,-613.364929,3626.599854
359.011383,-617.504456,3632.197754
340.060516,-618.336365,3600.240967
345.110962,-616.849731,3611.697021
330.371338,-625.347351,3573.727783
326.456116,-630.213257,3559.956299
321.656708,-629.529053,3532.437012
323.094696,-631.273743,3546.777588
325.505920,-597.653320,3509.717529
323.536041,-608.527039,3515.098145
336.257141,-535.981506,3527.719727
343.990540,-536.216980,3510.666016
346.223450,-516.042603,3516.506592
338.658325,-512.988342,3532.799072
363.928040,-518.933899,3491.958008
355.335175,-517.717834,3503.273438
340.871094,-479.071472,3535.899902
347.469269,-481.959351,3519.053467
345.614319,-467.805145,3516.258057
341.166138,-465.038605,3533.286621
353.079468,-468.451172,3501.609863
356.075348,-483.629364,3505.075439
364.859985,-483.152557,3493.862793
363.642700,-467.773041,3491.494629
388.803558,-444.477814,3607.010986
375.928772,-447.973846,3598.412109
373.008698,-436.016693,3594.902344
387.368958,-433.396515,3602.693848
339.385437,-452.541870,3528.394531
341.429535,-457.275970,3510.724854
339.807007,-553.787903,3502.949707
332.858887,-555.094116,3515.707764
348.707947,-457.677826,3495.578369
347.483337,-497.160492,3519.371582
355.766327,-499.080231,3506.173828
375.973297,-519.636536,3482.365234
373.920776,-537.663086,3473.390381
385.962799,-585.826965,3645.579102
383.073914,-600.410461,3636.764648
387.383087,-602.267212,3636.555176
386.381317,-605.219482,3635.305420
382.557800,-604.205627,3635.951660
395.831329,-642.534729,3647.130371
382.210052,-642.883240,3642.593750
383.946991,-630.028076,3646.786621
397.095428,-626.620667,3648.785156
355.054993,-568.515991,3634.399170
360.819824,-557.999268,3640.622070
367.340424,-566.587952,3644.158691
364.625732,-575.767517,3640.047607
359.545898,-606.515198,3626.077637
360.662354,-608.735413,3628.277100
358.231018,-608.696167,3625.671143
362.441376,-543.305176,3642.700439
356.055420,-547.766113,3635.708984
333.733429,-574.483643,3594.511963
347.808167,-607.672119,3615.469727
385.456116,-710.519592,3575.989990
386.864624,-697.760681,3605.022949
384.307770,-713.979065,3539.294434
381.561157,-709.052124,3500.112061
355.753296,-654.705933,3458.670410
378.535034,-663.339966,3449.020996
381.764771,-631.661133,3441.835693
359.084656,-626.945312,3451.396484
371.434967,-556.599609,3463.311035
376.159698,-484.883453,3485.762695
375.117126,-467.797333,3484.995117
388.962158,-679.628540,3625.571045
393.106750,-660.115295,3636.290527
335.427887,-620.608765,3586.278320
343.294556,-580.218079,3618.583008
346.922485,-573.323669,3624.729980
351.688843,-584.920776,3627.898682
348.947662,-588.955872,3622.930908
339.299805,-570.164368,3610.208740
336.081696,-560.025818,3598.518066
332.832947,-550.044739,3583.818848
332.950348,-537.344116,3576.895996
327.738342,-649.526184,3502.393799
323.784027,-635.755615,3513.714355
354.632050,-680.359375,3475.710449
338.063782,-665.577148,3487.492432
322.176666,-625.108093,3519.585938
378.349609,-692.555115,3467.427246
395.894714,-556.945312,3662.816406
397.772858,-561.775330,3661.620361
388.233459,-556.145813,3657.049072
396.929657,-529.027832,3664.902588
395.196503,-522.969421,3662.232178
400.581848,-522.577026,3664.065186
401.837982,-528.852600,3666.561279
391.128479,-480.110809,3640.115479
379.893646,-485.103790,3634.279541
389.776428,-455.485352,3612.713623
377.455566,-459.437531,3603.000732
398.353363,-571.940796,3665.010254
397.954803,-570.974976,3662.905518
400.186401,-571.383728,3663.415527
400.142975,-572.308899,3665.487061
382.895081,-538.990540,3655.288330
400.810272,-547.955811,3667.434570
400.631714,-543.791870,3665.994385
404.150726,-543.591125,3666.845703
404.324432,-547.651733,3668.201660
360.402954,-490.851440,3604.958984
363.426422,-478.798706,3594.696045
341.062012,-461.213928,3552.473633
341.341522,-475.689636,3555.569580
340.236145,-494.832794,3536.045166
362.831543,-499.622711,3493.466797
375.740051,-501.519501,3484.828857
389.118286,-503.105988,3479.005615
389.231812,-520.473999,3475.420654
377.516418,-478.820831,3619.297607
377.486542,-470.222687,3608.872314
389.788635,-465.932037,3618.112549
390.414520,-473.821289,3627.016357
404.538269,-569.103821,3667.277100
403.480896,-567.628845,3665.071289
405.478333,-565.164429,3666.277344
406.067444,-567.967590,3669.163330
396.913879,-568.668762,3661.238281
399.024048,-565.312683,3661.421875
399.526154,-567.721008,3661.401855
395.970459,-570.184570,3662.870117
396.615021,-571.858704,3665.675049
401.895874,-572.962585,3670.848389
402.307281,-573.930542,3676.386475
398.648407,-572.865356,3668.860352
402.549896,-570.477966,3665.425537
402.129150,-568.957458,3663.616943
400.048309,-569.767395,3661.791504
398.162994,-569.916016,3661.621094
401.545471,-572.822815,3668.468506
399.597168,-572.608826,3667.013916
401.812683,-595.702454,3665.967285
400.879211,-453.030090,3617.888672
400.827301,-463.411224,3622.900146
382.226044,-537.260559,3653.650146
383.707031,-622.866211,3640.936523
357.865417,-583.589905,3633.332520
378.633728,-586.275330,3641.641846
378.254578,-592.398926,3638.682129
372.181061,-589.006226,3637.867188
372.267059,-581.288086,3641.298584
392.619171,-619.930908,3641.317383
397.472504,-614.363831,3640.531494
401.262024,-616.454834,3647.764648
397.329865,-607.800720,3641.185303
393.863037,-602.434143,3639.967285
395.462311,-600.311340,3646.706543
400.427551,-607.632751,3650.903564
360.258972,-611.993408,3629.118652
362.318726,-610.754211,3630.799072
390.265137,-595.122314,3643.459473
389.135559,-598.614075,3639.093994
383.965057,-595.551575,3638.761230
384.712921,-590.595886,3641.927979
365.410675,-585.748901,3636.405029
353.632446,-608.249390,3621.506348
356.125916,-596.855957,3624.802002
333.194794,-550.017700,3533.087891
329.722656,-561.468262,3524.699219
329.682953,-541.687744,3556.471680
330.894989,-544.462036,3551.662354
335.802551,-538.868286,3554.220947
332.206299,-537.894714,3559.632812
322.825806,-598.166138,3531.771484
323.680939,-598.987488,3536.198242
323.297058,-606.219177,3536.970947
323.083435,-604.975220,3528.745361
323.537476,-601.766235,3543.449463
323.586792,-597.827393,3543.693115
324.212769,-597.483398,3547.468262
324.170166,-605.299011,3545.836670
325.807617,-602.681274,3554.090576
325.697235,-615.111023,3557.501221
323.290100,-617.311890,3546.386719
331.440765,-601.366028,3579.267822
329.176300,-609.855469,3567.826904
328.180634,-596.856934,3560.642578
329.712616,-588.342163,3566.171387
330.740692,-551.261353,3567.870361
330.149994,-542.221436,3564.720215
335.841217,-542.628296,3544.240723
347.795471,-596.771729,3464.680420
338.940643,-592.039734,3480.997314
332.517609,-587.664612,3495.576416
327.810333,-584.242432,3508.222412
362.388794,-600.122192,3450.332520
384.019348,-602.844666,3440.639160
330.594299,-583.309326,3580.701660
330.029724,-575.738647,3568.296143
343.446259,-572.882812,3482.819580
353.161072,-575.542175,3467.988281
336.368958,-570.501892,3497.295166
330.360718,-570.146301,3510.077393
366.935944,-577.193176,3455.581543
385.481567,-576.824402,3447.502441
387.127899,-556.216736,3457.665039
325.826813,-551.158813,3555.844727
324.564606,-545.200439,3557.571289
327.489563,-544.123047,3559.330566
328.302612,-550.490601,3560.482910
330.443176,-563.243042,3568.157715
331.063324,-567.296021,3581.124756
401.136566,-601.612366,3659.353271
400.769379,-498.531738,3668.651123
403.249420,-513.878967,3667.120117
401.427307,-556.970093,3665.889160
400.924622,-552.380066,3667.011963
404.526855,-551.717224,3667.776855
404.919830,-556.194458,3666.787598
389.159424,-616.481079,3635.876709
388.435425,-538.431335,3466.360840
389.553223,-486.574524,3481.091797
388.533142,-468.973419,3480.614746
360.081879,-455.609436,3485.202637
373.079163,-453.894562,3478.816162
405.376801,-560.789795,3666.017578
402.286652,-561.319153,3664.646729
402.271637,-572.115173,3667.225342
395.633148,-543.277161,3663.968750
401.949066,-567.323486,3663.291504
402.627930,-564.796387,3663.904297
407.535522,-564.511658,3667.471191
407.146912,-560.377808,3666.544434
378.156525,-598.608398,3636.802246
378.140076,-603.293396,3635.998047
403.910431,-571.109192,3669.719238
405.096771,-570.306763,3672.752441
357.765686,-439.801910,3583.003174
344.790741,-444.341339,3566.249512
406.636078,-543.449951,3667.182617
406.667389,-547.465820,3668.492188
329.098480,-579.988831,3557.661377
327.439514,-587.850647,3555.172852
325.714844,-581.893982,3549.624268
327.295898,-574.971436,3551.842285
400.112091,-442.521088,3612.191406
340.071320,-448.151520,3547.006348
387.079224,-454.476776,3475.288330
360.188599,-602.946106,3627.339600
359.294037,-604.499695,3625.940186
386.155090,-613.587830,3634.584717
393.599762,-534.500671,3662.853027
395.451874,-538.979980,3661.830566
400.757690,-471.378021,3630.828857
407.669312,-567.357056,3670.384277
324.255096,-589.841553,3539.562744
324.703705,-585.740845,3540.786377
322.296448,-584.700745,3543.196045
322.144745,-588.470398,3543.531494
321.181610,-592.640869,3548.741943
319.551727,-596.355835,3546.684326
318.447815,-592.188843,3545.009277
320.023224,-588.943726,3546.132080
325.065521,-594.088684,3551.708740
323.393372,-588.119690,3549.705811
317.007446,-597.717285,3544.580566
317.448425,-594.581360,3543.171143
323.826782,-598.724731,3540.721436
320.194794,-599.422607,3543.449707
318.694641,-600.766846,3538.411621
314.043365,-598.552124,3540.363770
316.238159,-600.047668,3531.781738
310.834747,-597.660217,3534.699463
315.312225,-595.427368,3526.221191
309.202789,-593.891724,3528.634766
329.105316,-559.288574,3560.011963
328.978516,-558.732727,3552.461914
314.969940,-588.648499,3523.393799
308.652466,-587.942749,3524.968506
315.321442,-580.456848,3521.830078
309.101379,-580.137512,3523.672363
315.913605,-571.799072,3522.900635
310.239349,-572.088013,3524.884766
316.971497,-562.753662,3526.290527
311.483185,-564.283447,3528.346680
318.684174,-553.143127,3531.831543
313.295563,-557.080200,3533.982178
313.433105,-591.733887,3529.603760
315.033997,-595.212830,3533.602783
323.544373,-593.776001,3529.697998
316.442841,-596.130737,3538.921387
325.267487,-579.073608,3533.371582
326.379364,-576.746948,3534.192383
323.820038,-577.915466,3537.527588
326.002594,-580.176575,3535.597656
325.968201,-572.113586,3547.900391
325.823975,-566.288940,3548.328369
327.263367,-566.817810,3553.035156
327.412415,-561.882935,3548.183594
328.785950,-566.725403,3546.367432
328.446259,-563.266052,3546.350586
329.561005,-570.698303,3545.680664
327.763092,-561.476685,3544.771484
326.360962,-559.640625,3546.319092
329.023224,-562.611572,3543.997559
329.627930,-563.737061,3544.854492
330.385956,-565.682983,3543.732666
330.277039,-568.586670,3541.135254
328.924103,-569.830444,3559.016602
328.981964,-556.863892,3536.463135
325.812042,-565.093750,3531.280518
316.461395,-551.474670,3540.451660
320.192963,-545.566345,3540.427734
322.269989,-541.764832,3555.239746
320.780457,-541.480530,3548.822021
323.855194,-587.963135,3528.104492
323.560486,-580.857666,3526.601074
330.638458,-550.587402,3545.112061
324.347504,-573.251831,3527.928711
315.519867,-561.130554,3535.082764
318.462494,-557.251404,3539.812744
312.851105,-566.349854,3530.976807
324.864105,-556.087524,3549.001221
321.463623,-555.525024,3544.583496
319.027618,-549.550781,3547.079346
321.934418,-549.828857,3552.548584
321.305878,-560.986816,3539.633301
317.684296,-564.132080,3536.749512
325.254578,-563.252441,3538.197998
321.950897,-566.339111,3535.774170
326.786194,-561.674011,3541.908691
324.417755,-559.303284,3542.947998
329.533203,-565.223267,3537.544434
326.718842,-569.578186,3534.232910
329.323944,-563.320740,3541.646729
318.891418,-570.137817,3535.094727
322.688110,-573.322998,3533.985352
319.077637,-577.143494,3535.574463
316.186523,-574.459839,3534.843750
314.905304,-568.261292,3533.945801
312.965088,-573.132141,3531.780029
312.494629,-572.754944,3527.972168
312.657349,-578.987122,3530.340820
312.354919,-579.865112,3526.780762
315.087891,-578.675537,3533.250488
316.998657,-579.816101,3535.589111
312.477112,-586.598877,3527.216309
313.288330,-584.699280,3530.478027
314.442108,-589.180115,3531.930176
314.830353,-583.064087,3533.235352
316.111664,-586.544739,3534.311035
316.280853,-582.339478,3534.946045
317.488831,-584.245300,3536.075439
319.889526,-593.527222,3541.447754
321.135864,-591.564392,3543.189209
318.218903,-593.533630,3538.307373
319.709442,-590.801392,3538.443359
320.808929,-592.542969,3539.787842
322.183228,-591.322571,3540.145752
320.662842,-588.272339,3539.156250
322.742157,-585.973145,3537.918701
382.379944,-409.102356,3597.691650
396.945038,-407.427307,3600.987549
398.393433,-418.518951,3603.931641
384.923676,-420.836395,3599.508301
317.963989,-589.025208,3536.261719
318.942841,-586.131470,3538.071533
316.428680,-592.121460,3534.724609
321.031281,-581.618286,3535.693115
320.331879,-583.611145,3537.221924
318.550964,-581.842407,3536.732910
319.413300,-580.171936,3536.069092
326.426361,-576.609497,3546.414062
328.242065,-574.411499,3542.726318
328.064301,-571.642029,3538.479492
340.923706,-397.454132,3574.970947
345.582520,-407.089539,3572.692383
329.370514,-415.099823,3557.249268
323.398529,-407.068634,3559.839844
327.909790,-375.215729,3593.644531
302.997192,-383.642273,3575.278076
302.696075,-360.850739,3596.415527
325.171234,-356.150940,3604.364990
304.244171,-340.315826,3609.816162
325.231842,-337.718353,3614.474121
311.540253,-287.056274,3640.634277
330.457458,-286.568390,3644.321533
328.477386,-303.192596,3634.211182
308.798859,-304.173889,3630.946289
291.641296,-203.875519,3664.665039
298.039734,-185.353638,3663.391602
312.202484,-189.628250,3669.092773
304.473236,-206.361649,3668.361572
226.265656,-311.565704,3607.843994
223.435150,-333.354462,3600.369629
208.370987,-322.882812,3598.756104
213.675674,-299.868530,3603.725830
292.740295,-422.073120,3522.033447
296.263977,-405.350800,3546.928955
306.036072,-409.729156,3541.937988
300.958282,-425.890381,3519.891357
243.486145,-217.655182,3615.498291
249.194382,-204.826233,3624.238525
254.103607,-214.910477,3632.705078
249.010696,-227.406418,3625.658447
267.370880,-114.244675,3633.505127
266.107178,-92.438705,3633.235107
282.467499,-91.258041,3653.971924
283.299286,-113.463242,3652.737305
225.798218,-139.155670,3552.899658
223.678421,-137.052002,3521.215576
227.031616,-118.760185,3522.361084
228.421631,-118.456017,3553.793213
277.639618,-286.069153,3632.177246
293.860657,-287.053955,3636.560791
290.297852,-304.309418,3627.354248
273.205505,-303.707123,3623.540283
20.721853,-356.154785,3552.547119
20.160973,-338.232178,3553.604004
47.812283,-337.967102,3555.797119
48.617035,-355.996216,3553.930664
225.702896,-15.267327,3562.459717
226.521484,-20.721846,3531.659668
220.316147,-0.821099,3532.801270
221.230988,5.372479,3565.524902
172.039566,-388.827209,3564.011475
187.412125,-393.837402,3565.879883
189.708466,-411.050629,3542.388672
174.839050,-407.191406,3542.613770
228.993195,-269.043518,3609.996094
237.927246,-277.069733,3617.643066
231.136261,-293.158936,3613.159180
221.623154,-282.612091,3606.990967
217.161224,-171.435776,3516.050293
219.429321,-174.482529,3540.999512
216.604660,-192.640747,3534.570801
213.242218,-189.928711,3512.574219
222.626541,-156.616302,3547.196777
220.751221,-154.082031,3518.908447
249.489944,-282.045959,3622.977539
262.743134,-284.371613,3627.737305
257.699310,-302.537323,3620.073730
244.209106,-300.339813,3617.043701
302.922180,-169.067993,3661.970703
320.454285,-174.274384,3669.498779
229.233093,12.255393,3596.329590
243.673111,19.427017,3622.515381
244.397690,-3.970005,3619.126221
231.908859,-9.792246,3592.711182
301.931152,-134.277557,3666.673828
303.977539,-153.416367,3663.965820
287.433197,-152.191391,3652.158936
284.700043,-133.479599,3651.993896
262.285675,25.864691,3645.407227
281.216553,31.835348,3668.352783
280.998993,5.642317,3665.332031
261.978546,1.284487,3642.534912
306.185455,-321.726196,3620.773926
326.625732,-320.040527,3624.099854
270.911469,-203.421738,3651.189209
273.936859,-185.209152,3648.953369
285.088776,-184.325134,3656.619385
280.196045,-203.286057,3658.693359
207.607895,-267.048645,3577.989990
205.734222,-283.776398,3594.093262
193.312378,-306.731506,3591.040283
196.134003,-279.369934,3573.854248
217.299744,19.618452,3535.578369
219.806168,26.410461,3568.606934
263.974426,51.874413,3646.338623
282.956848,58.865757,3668.776611
154.383957,-265.199615,3498.310547
167.557983,-251.344742,3501.142822
171.196472,-254.653214,3518.197510
157.425583,-268.996765,3514.775635
347.035980,-208.984650,3674.333740
330.577240,-218.523804,3672.210938
324.034149,-200.700165,3672.600830
337.181671,-187.016022,3674.034912
275.565643,-168.631439,3643.742920
273.637085,-153.567230,3639.209473
288.065735,-167.822189,3653.260986
364.543732,-198.262573,3674.170166
351.606598,-169.389023,3677.361084
347.416473,-318.484497,3628.451660
348.817444,-301.985138,3637.603271
346.721405,-335.210297,3619.959717
367.985779,-333.293213,3625.249023
369.113373,-349.792603,3617.100098
347.791016,-352.042389,3611.379883
372.000397,-365.608002,3609.506836
350.974701,-368.925110,3603.523438
361.069855,-390.627869,3586.880859
364.339783,-401.477295,3585.556152
215.959549,-269.773315,3596.338867
224.424881,-258.042145,3598.679932
244.943405,43.732464,3624.286865
282.184784,-344.027863,3419.911621
283.834686,-323.532135,3413.915283
263.493683,-330.113159,3421.588379
261.631622,-349.971893,3426.518555
282.639191,-422.071442,3522.764160
282.241302,-406.606842,3548.682861
192.603271,-278.075684,3448.942383
206.642776,-270.485321,3444.667969
202.638672,-256.625183,3449.156250
190.941193,-266.335297,3453.593994
156.138031,-269.608032,3474.377686
140.563248,-279.350891,3471.235596
143.069382,-287.273956,3463.235352
159.554001,-277.536041,3467.088867
227.881683,-4.984029,3503.089600
234.993820,-24.775864,3502.680176
252.417450,-152.220169,3447.170898
237.407944,-143.973206,3468.427979
231.552536,-162.135925,3470.265625
243.940033,-170.792984,3451.455322
385.990997,-312.344818,3413.105713
386.252014,-295.926453,3410.555420
366.337250,-299.627411,3405.510742
365.946106,-316.513184,3408.455566
325.111389,-347.827972,3414.006592
324.750885,-365.456757,3420.507812
347.680542,-356.200928,3416.822510
346.886169,-339.771271,3410.901611
303.788177,-336.766815,3412.791016
304.925903,-316.585724,3406.817139
214.026245,-191.055023,3491.401855
218.709335,-173.642670,3492.733887
204.536514,-213.988815,3488.445801
204.964783,-214.511597,3506.759277
199.793579,-222.162872,3505.472168
199.064865,-221.729095,3487.946533
308.739960,-431.184052,3517.985596
311.001038,-437.198761,3493.189209
302.276489,-433.201843,3495.301025
348.760712,-411.412872,3444.810303
349.634430,-404.404755,3439.792969
335.404022,-410.211517,3445.766846
336.821930,-416.194763,3450.138916
361.585144,-220.436417,3403.867676
384.317535,-219.208282,3408.346436
383.747681,-197.227905,3410.022461
358.603271,-196.707291,3405.593994
192.479370,-231.285934,3473.579834
181.029724,-239.539780,3475.466797
183.661072,-246.246353,3465.965576
195.322418,-236.887390,3462.758789
204.295593,-229.425201,3461.194092
211.931412,-221.576920,3459.918701
207.321442,-216.715210,3473.275635
200.612015,-224.569839,3473.287354
234.752640,-187.236877,3454.933350
224.954788,-179.698380,3472.182861
218.262039,-195.685654,3472.719482
225.909134,-202.003693,3456.703369
386.210907,-118.519524,3421.520996
362.574005,-115.138855,3415.347656
360.785217,-143.645004,3411.434082
385.184906,-146.797653,3417.149902
148.242828,-291.774139,3540.131592
149.917511,-300.817139,3555.757812
134.103745,-305.065155,3550.902832
130.386353,-295.531830,3533.637695
137.532059,-313.647980,3449.310791
126.144379,-320.105865,3447.850586
127.424538,-327.711823,3446.774414
139.613037,-321.740143,3447.550537
106.720802,-289.181580,3512.971924
111.594681,-297.803925,3528.727051
90.261635,-298.475311,3525.486816
85.673241,-289.946075,3508.958252
273.915466,-422.089569,3492.810547
271.743347,-423.546051,3523.358398
284.034760,-425.314636,3494.732910
121.093422,-278.825134,3488.888428
103.666336,-282.450531,3483.538818
105.110321,-285.288574,3470.627930
122.446838,-281.122406,3476.134521
21.433205,-372.697601,3542.535400
49.247921,-372.000153,3543.414062
60.480087,-287.778625,3490.532715
58.719666,-289.934967,3475.330566
82.446068,-285.487366,3478.807861
82.788048,-285.990906,3493.234131
259.095154,-132.724213,3444.012207
242.766678,-125.833542,3466.682861
262.151428,-8.423656,3458.588379
242.494934,-7.456012,3478.054688
249.843582,-27.926006,3478.126953
268.371033,-29.933886,3458.408447
223.559113,15.306332,3504.884521
257.578796,13.850026,3459.862549
237.554398,13.673626,3479.018066
327.984467,-444.330139,3498.225830
337.789948,-443.885559,3481.353271
331.242279,-437.547180,3475.511230
319.478882,-440.922821,3494.367920
219.199219,140.491806,3513.106934
221.149307,169.165695,3509.222900
211.613617,172.067520,3540.014648
211.860718,144.964218,3545.288574
364.938171,-425.262634,3455.009521
346.351288,-431.136047,3463.426025
351.952484,-438.767944,3470.121582
367.213898,-433.823669,3462.981201
214.521957,119.069275,3545.309082
220.773758,113.327026,3513.838379
323.901520,-437.237030,3519.223633
315.830658,-434.276978,3517.746094
319.004364,-423.691254,3537.905273
327.801514,-429.117462,3538.807861
336.279816,-422.893860,3557.725830
207.941132,182.527008,3572.801514
211.145676,154.468063,3575.472168
343.184906,-449.162170,3488.245850
355.906708,-445.915161,3477.428467
370.263763,-443.502686,3470.974854
385.721191,-442.434631,3466.710693
224.301208,35.873638,3508.393311
219.112411,40.348053,3538.551025
280.789886,277.637695,3438.945312
307.952942,282.383698,3431.259277
310.241058,295.120026,3439.914795
278.579468,295.873352,3449.494385
375.961517,266.440369,3429.067383
377.792358,276.657745,3442.704834
343.960144,289.034302,3438.855469
340.292938,278.190979,3427.029053
372.990479,149.924911,3405.933350
342.665619,148.883698,3406.585449
342.445618,125.931305,3412.819580
372.357025,126.729843,3411.686523
256.552704,34.785973,3463.568604
237.594574,34.409313,3482.736572
223.194031,47.698528,3570.077393
215.014542,333.638367,3589.636963
210.803116,321.084076,3547.129150
214.359955,361.348572,3547.758301
216.779037,373.281372,3587.932129
250.293259,350.252045,3484.038818
248.071793,316.881958,3478.076660
279.131042,319.146240,3459.051025
280.585358,348.313660,3465.928223
302.474792,64.961884,3690.785400
286.252441,83.979767,3665.600342
306.673828,90.971573,3685.371338
371.867737,76.919395,3722.091309
345.972626,74.033051,3718.472900
351.984375,100.019890,3709.972412
375.343964,102.593185,3713.914795
375.286316,227.935440,3693.329102
389.781036,229.400940,3697.710205
387.003143,202.207687,3694.565186
370.176025,199.334534,3689.543945
220.354492,164.969681,3603.472412
241.162415,175.200638,3626.522705
243.406219,152.450562,3625.313721
223.965759,141.268188,3603.600830
380.200104,285.499298,3459.201904
349.057129,301.520599,3451.941406
232.728561,384.655334,3626.260254
232.052902,344.805237,3629.242920
262.162872,392.113556,3654.864990
297.818024,390.242798,3663.452881
295.222473,356.369019,3668.373779
260.265900,354.937317,3657.727295
391.445648,310.687622,3642.599121
379.949127,293.364227,3672.117432
373.667267,303.912170,3662.447510
390.194092,316.124329,3635.365234
374.834900,239.401932,3412.900146
374.765076,255.413177,3420.765137
340.590973,261.830994,3416.197266
341.827057,243.529144,3409.454102
280.744080,14.751055,3447.198730
279.152924,36.979794,3450.248047
304.486816,16.289785,3439.356201
284.363495,-8.010283,3445.249756
308.015839,-7.446692,3438.444580
306.014587,-154.242355,3417.649170
280.790039,-142.704712,3428.040283
272.905579,-162.077271,3429.479980
297.272095,-175.344696,3417.237793
345.845703,-304.747589,3402.195312
346.272675,-322.569916,3405.949463
317.674408,339.463409,3457.152832
360.639587,323.935059,3464.565918
349.075745,369.990021,3469.796631
313.301056,376.736694,3463.918945
252.635239,385.744141,3487.140137
231.315720,390.157990,3512.719482
226.245697,352.786407,3511.261719
219.499634,400.033112,3547.619385
220.714569,412.147461,3586.634277
266.723663,428.208008,3650.093018
301.946869,425.333069,3656.976807
384.070312,377.227203,3621.959473
361.271851,382.411957,3640.357910
362.944977,409.805420,3630.680420
384.201385,403.028259,3609.163330
335.130188,225.816574,3671.051025
298.685211,204.555161,3658.010986
296.046509,232.851242,3660.530518
326.799347,254.637482,3670.511719
364.639587,48.882633,3725.646973
342.862732,44.901550,3721.806641
324.050964,70.011063,3708.179688
321.587708,40.636436,3710.818848
300.599854,36.566345,3691.959473
347.064087,-65.609261,3709.959961
322.057465,-65.825676,3696.529785
322.814423,-40.571423,3701.073242
347.558258,-39.520950,3714.606934
346.822021,-91.360313,3703.319824
321.585754,-91.248016,3690.781982
349.196472,-141.227219,3686.743652
325.180817,-157.948730,3673.238281
323.295471,-137.219223,3678.592285
368.368469,-316.721252,3633.065430
369.152893,-300.098541,3640.589355
217.877182,192.505188,3601.808105
388.910187,335.227356,3496.070312
400.035034,350.210602,3530.644775
394.856476,378.874695,3520.408691
378.528931,370.756836,3490.171631
215.691071,129.416138,3575.840820
229.457108,34.713627,3598.802979
234.070892,57.072578,3598.454346
236.797943,-145.548187,3588.538086
237.661362,-119.263664,3585.265625
315.893127,-223.735809,3668.780029
314.474884,-210.556244,3670.406250
222.224655,314.859650,3507.676025
271.813843,462.258392,3643.404297
279.159546,493.523193,3636.401855
313.465790,490.964539,3641.498291
307.897186,459.115082,3649.866455
392.516296,426.369202,3570.754883
382.558929,432.579224,3596.171875
379.478119,463.125183,3584.192139
387.305237,458.071655,3558.964355
382.773254,490.236450,3550.829834
377.583740,496.688660,3576.038574
378.135040,528.946350,3567.635742
380.489990,521.683960,3542.686768
236.610611,424.383698,3624.417725
231.447296,482.881653,3584.576172
248.298782,491.608368,3616.163574
241.729507,459.291412,3620.625488
225.678345,449.512482,3586.274170
280.077454,382.919189,3471.004639
396.579926,396.454407,3583.454590
398.272430,371.994659,3596.961914
378.539154,449.350586,3506.722900
360.806396,446.652100,3484.082520
368.907379,410.399200,3486.816650
386.893402,414.290375,3512.771729
254.437744,453.452240,3490.552246
238.405380,460.005646,3516.394531
234.766846,426.387238,3515.419189
253.282196,420.394196,3489.528320
224.844528,436.898773,3549.198242
230.556290,470.982849,3549.215088
244.714371,546.000305,3580.489258
263.966766,552.377075,3607.179688
255.722733,522.448853,3611.472412
237.918060,514.708130,3582.566162
241.778076,534.450562,3547.810547
236.561157,502.722931,3548.731445
242.030243,492.070007,3517.114258
245.389832,523.822510,3518.159912
259.683105,515.682800,3495.705566
256.664581,484.317719,3492.811279
278.400909,480.263885,3476.128906
278.860870,510.550690,3479.724609
303.804260,477.914398,3469.000244
330.179626,477.366272,3472.240234
324.837860,507.758087,3475.275635
301.476379,508.327423,3472.591553
364.672180,512.535522,3499.187988
347.418732,509.302795,3483.619141
353.925140,478.993713,3483.663330
371.095642,481.951904,3502.637451
342.040466,633.741333,3489.000000
324.776337,630.758667,3484.173096
330.786560,599.116638,3484.557861
349.882263,601.986206,3489.776367
307.873779,628.996094,3477.560791
289.630768,628.993469,3477.780273
294.495056,598.161621,3480.736328
312.571136,597.802307,3480.937500
262.726257,606.380981,3502.489014
277.482697,600.775940,3487.519531
272.837128,631.358276,3484.618408
258.808197,636.936218,3500.045654
245.308609,644.489807,3519.575195
246.392426,614.603821,3520.309326
248.314972,653.706055,3545.548340
245.492371,624.674011,3545.569336
259.736694,633.735413,3575.658936
258.511078,661.949463,3576.349121
374.724945,620.506165,3538.290771
369.291046,651.981567,3532.692139
368.350372,644.519226,3512.044434
375.228607,613.442505,3518.866699
347.083832,632.366333,3581.383057
330.987122,636.818359,3607.300293
330.507324,664.780151,3597.342773
345.423279,661.589844,3572.995117
245.449280,564.616516,3546.583740
251.303253,575.596252,3577.829590
262.579407,546.261414,3499.089600
248.020340,554.301636,3519.405029
359.854828,542.147217,3495.395508
341.622284,538.933655,3483.502930
377.677826,559.881836,3558.723145
379.479370,552.758972,3535.129883
300.463806,612.342102,3620.996338
297.321655,583.024414,3621.866699
270.154999,581.684875,3605.450928
272.761169,611.187317,3605.896973
244.781311,594.861206,3545.984863
248.270294,584.385986,3519.960449
263.807281,576.426147,3501.786133
279.389557,570.543396,3486.697510
297.488037,567.903992,3479.999268
316.453644,567.316833,3480.583252
336.075165,568.507996,3484.190674
355.043762,571.673767,3492.466797
378.033295,582.984680,3526.598145
376.488556,590.619141,3548.454102
302.904266,667.271484,3609.127197
302.123657,640.912659,3617.773926
272.785828,639.930481,3604.974121
273.904388,666.928711,3601.243408
302.591034,689.545959,3596.312988
325.120422,687.380310,3584.596924
302.970093,660.717041,3472.802490
284.601379,660.984253,3474.182861
267.792389,663.449463,3481.205322
244.463837,674.399597,3517.657471
249.291718,683.233215,3546.964111
262.123474,690.020752,3575.170166
278.701904,689.570984,3593.398438
354.446716,706.406921,3504.358398
359.579407,674.963684,3508.948975
360.902130,680.538574,3527.531982
354.244659,710.339233,3523.091309
333.572784,699.084290,3477.102783
317.566956,695.752441,3466.964355
320.288422,662.736877,3478.486328
335.424194,665.704163,3487.675781
298.197510,694.424866,3462.811523
279.296265,694.668335,3466.466309
261.334351,695.768005,3474.976807
241.329544,705.766113,3516.547363
252.614761,667.700012,3495.925049
246.647491,699.073914,3491.440918
247.368973,713.866882,3550.289551
268.349548,753.262573,3571.556396
270.065491,720.826416,3576.125488
243.826370,746.584167,3549.566895
296.754059,861.381470,3558.251953
268.645355,859.663574,3558.196289
272.784485,898.568115,3550.930176
297.218689,900.712097,3551.520264
352.966003,742.592529,3518.439209
354.572205,739.833984,3497.106201
335.426941,734.256287,3465.755127
316.611267,731.082886,3456.089355
230.895416,773.069397,3511.567383
234.653366,738.537170,3515.758545
239.944580,732.628235,3488.112061
236.444977,767.969360,3483.611572
355.117340,851.618530,3506.783447
355.590881,850.262573,3485.677734
359.106201,812.307617,3487.151367
358.452332,814.156860,3510.544189
318.221558,767.571472,3448.387451
337.506897,770.893799,3458.928467
337.670563,808.280579,3454.348633
317.983459,805.596191,3444.817627
236.868866,850.216003,3506.575928
231.696121,810.391907,3508.634766
236.281952,806.044189,3480.743164
240.506882,847.028076,3480.718262
266.520264,786.079163,3568.569824
240.597137,780.302551,3545.332031
241.342941,816.111755,3540.607422
265.658020,821.953125,3563.748535
296.784821,787.381470,3567.363770
296.094696,823.094666,3563.829346
339.706238,932.328552,3488.118408
347.235748,890.165039,3487.254883
347.415955,892.916626,3505.224365
339.426117,936.117615,3504.278076
315.182831,845.236389,3447.150391
334.872620,847.206299,3456.273926
328.581665,887.751648,3461.646973
312.621613,886.636597,3453.543701
250.148895,936.660950,3504.834961
243.437973,892.667725,3505.563232
246.913681,890.483032,3482.249023
254.260834,934.321960,3483.438477
276.653656,940.795471,3543.660400
251.030563,895.485229,3533.103027
256.686920,938.839111,3528.224121
280.679901,982.746399,3539.459473
298.572540,984.469238,3540.466309
298.014587,942.400757,3544.618408
333.229706,977.126282,3503.228760
334.450653,973.875488,3487.783936
324.915527,971.065247,3467.846191
312.309814,969.147766,3460.218018
311.659943,928.535522,3457.644043
325.768951,929.909668,3465.286133
277.183044,931.739746,3459.092041
294.350983,929.280457,3455.361572
296.330933,969.711365,3458.403809
280.821442,972.119019,3463.007080
261.595795,974.540039,3485.250977
263.468292,932.901428,3468.180664
269.786407,973.338806,3471.738281
257.363525,976.462891,3505.019043
263.226074,980.137634,3527.266602
402.025330,310.057037,3526.166260
404.078613,324.734894,3561.581787
403.033447,332.698669,3545.021973
397.930786,314.872223,3508.948730
364.430298,473.245972,3610.661133
363.682831,440.348328,3620.907715
366.781403,537.680054,3593.015625
365.017242,506.550903,3601.508545
366.742249,568.631042,3582.410156
365.004242,598.737732,3570.664795
363.889038,628.980286,3560.082275
361.159698,657.971375,3552.185791
353.492462,685.844360,3547.165039
346.199677,715.373657,3543.924316
343.566498,779.359985,3536.132568
356.013702,777.445129,3513.545898
341.779724,746.042969,3539.175293
343.445190,854.745300,3529.987549
345.477997,815.673340,3533.338135
337.839508,896.662781,3525.135498
331.152740,939.922607,3521.426758
325.056549,980.690674,3519.244873
326.879608,328.101593,3668.841553
356.463165,333.629913,3659.198242
353.308319,315.227570,3666.157959
324.657684,303.776978,3671.924561
399.802399,311.163483,3596.832031
397.137573,314.874817,3618.079834
397.774872,317.829590,3613.012207
401.442932,313.641907,3592.453613
255.741592,604.687134,3576.437012
279.351044,540.656982,3483.794434
299.475861,538.058838,3477.382568
320.541046,537.515625,3478.495605
351.607941,605.185181,3595.755859
349.984009,576.104309,3605.532227
327.376678,580.898926,3621.021729
329.145905,609.393066,3613.976807
298.737823,756.885498,3571.582275
321.887909,783.685608,3552.799072
323.021729,751.800476,3557.636963
299.260559,730.310425,3578.394775
273.728027,728.190552,3457.330566
254.379364,728.975830,3468.055664
294.288391,764.827332,3445.388184
270.857910,763.448486,3449.169189
295.249054,728.807129,3455.197266
345.211517,516.547485,3621.992188
318.219635,521.668945,3632.495361
322.759460,551.570679,3624.960693
348.350647,546.466492,3613.235840
256.335663,-47.025928,3476.678467
274.361237,-50.312569,3457.468994
253.024933,-180.218491,3622.901611
246.869690,-165.226486,3609.233887
260.010895,-157.396286,3624.864014
264.002502,-172.609253,3633.623047
237.885361,-177.624802,3597.030518
244.672791,-191.318832,3612.677734
238.832199,-204.943665,3602.797119
232.395493,-192.030533,3586.896484
206.998444,-255.248611,3559.731201
196.015900,-263.717590,3555.262695
347.399750,-116.665962,3695.708008
375.292297,-115.658691,3701.862549
376.602905,-140.163803,3692.539062
328.832367,96.581100,3700.505859
326.494965,190.600510,3671.142090
358.584503,228.573288,3685.682617
350.488098,195.898926,3681.927979
394.497925,299.712982,3674.493408
338.078583,-110.314285,3416.205078
335.650085,-138.292847,3412.834229
366.677826,-332.788361,3412.134277
386.043915,-327.900299,3416.210938
368.636139,-363.313965,3421.917725
369.304016,-376.872040,3427.187256
387.062195,-371.246094,3428.519775
386.665802,-357.599457,3423.950684
384.637939,-431.652130,3458.794922
383.579376,-421.102325,3450.828857
402.638062,306.893860,3571.704590
402.499512,316.453033,3586.214111
403.220001,307.001404,3559.883789
382.363220,355.552338,3633.592285
397.101318,353.337067,3610.117188
394.653137,339.051605,3620.000488
379.694794,338.041473,3643.010254
214.865112,294.853058,3592.393799
207.851761,281.745117,3549.866211
313.722900,314.344147,3450.058105
7.290184,-302.120789,3473.729004
6.006211,-312.026093,3462.773926
31.877787,-306.101349,3461.190674
33.379375,-296.571259,3473.680908
336.013000,-222.785645,3403.172119
325.531921,-194.102463,3408.341309
313.045563,-417.791290,3539.320801
246.583755,-422.824066,3528.274414
244.733276,-412.033203,3556.940430
257.232971,-411.945984,3553.076416
259.756744,-423.530823,3524.894775
245.192047,-372.292847,3441.068359
246.619385,-389.538330,3454.503418
260.829987,-388.620331,3447.969727
260.724945,-369.612152,3434.601074
374.089874,173.553436,3402.949219
343.612579,173.066589,3402.480225
360.313690,-33.625088,3433.002686
336.171356,-32.053703,3432.270020
339.131195,-57.040394,3426.321045
362.754913,-59.665108,3426.602051
299.987671,-209.744675,3410.982910
280.789062,-192.826294,3421.484619
369.147766,-225.183548,3669.531006
370.224426,-246.566055,3662.389893
351.132080,-250.936035,3662.825684
350.476257,-231.666504,3669.476074
68.513008,-328.474060,3446.604492
91.513039,-312.976532,3448.804199
85.039589,-303.156097,3454.400879
59.556602,-312.374115,3451.735107
220.561676,269.936920,3501.621094
248.111359,286.874390,3469.046631
239.994995,-82.413780,3495.744873
254.391556,-86.861893,3469.525391
257.313599,-66.418602,3473.118652
241.835480,-62.345886,3498.163574
227.572113,-138.927246,3493.035645
232.132767,-121.049057,3493.237305
223.249069,-156.083221,3493.119385
170.347473,-255.450577,3476.643555
168.230026,-251.012146,3486.884033
154.846512,-265.018066,3484.746826
359.423035,355.948273,3651.046387
352.369110,280.939789,3674.363037
359.625702,264.922943,3679.262207
401.259888,304.102631,3578.053223
335.851044,-436.756195,3541.983398
341.416107,-432.579956,3561.097656
121.867386,-281.412415,3503.211182
103.772194,-283.741730,3497.723145
191.717056,-229.411804,3504.150635
195.928848,-234.302399,3522.665283
184.304810,-242.278183,3520.594238
180.060364,-237.709610,3502.924072
179.219711,-236.974258,3487.725830
190.878235,-228.444168,3487.234131
239.735992,-319.148132,3609.551514
254.786911,-322.252563,3611.660889
253.052948,-341.307465,3601.856689
238.362946,-339.067322,3600.965088
270.067566,-322.602081,3614.179199
287.173187,-322.521820,3617.398926
284.881165,-342.001801,3605.838379
268.198181,-342.382812,3603.295410
316.541687,-398.080627,3565.651123
334.609680,-389.108765,3583.520996
355.991974,-381.626190,3594.581299
375.667206,-377.643127,3602.296143
384.385223,-409.642090,3443.997070
385.516113,-396.594757,3438.168213
366.228790,-400.437927,3438.098877
361.120483,-414.282898,3446.200195
349.410431,-417.567322,3574.187012
366.720886,-412.791199,3588.039795
380.520020,-397.779938,3596.521973
20.284622,-384.599487,3526.713867
47.971489,-384.111023,3526.715576
335.180634,-448.930298,3504.530029
332.930634,-443.419891,3523.473877
45.964657,-391.012238,3506.936523
18.162697,-391.120392,3507.168701
266.856110,-387.256958,3572.045898
269.220795,-409.551331,3550.328125
254.272461,-390.542847,3574.068115
353.254486,-428.386108,3577.995361
369.216980,-423.868225,3591.582520
208.027161,243.564636,3556.800049
216.468369,257.614166,3594.145508
234.695541,-30.976511,3589.447754
229.761795,-35.420441,3559.915771
373.763977,-64.839638,3717.654297
373.781647,-38.331985,3722.565674
399.346985,-430.607422,3607.429199
345.232330,15.531391,3721.047363
371.605927,20.322769,3726.433105
372.901123,-10.026037,3725.516357
346.944885,-12.652509,3718.018066
381.249664,50.325958,3724.145264
383.651428,64.947662,3722.332275
381.093079,251.424606,3694.269287
391.735077,252.103836,3699.122559
118.185013,-357.827423,3561.354492
136.872894,-359.450073,3565.464111
140.602829,-380.849274,3557.101562
120.827850,-377.825348,3551.700439
322.281006,11.774242,3708.433350
300.633698,8.922272,3688.847656
216.209976,-256.692200,3580.230225
215.868729,-246.404877,3561.858398
379.159973,-165.920197,3681.129883
333.083038,-236.736099,3667.959717
332.940033,-253.435516,3661.316406
315.549896,-254.601242,3657.979980
316.397705,-239.046494,3664.581055
401.694183,305.429749,3570.662598
136.670059,-368.819519,3453.422607
150.045578,-365.097748,3450.670654
146.582031,-353.571838,3447.689209
132.956680,-358.996735,3450.233154
403.524048,346.755524,3579.775879
402.282532,363.257446,3566.004150
387.565826,292.839508,3478.871094
399.387878,294.109192,3499.684082
335.400543,418.557953,3648.819824
332.166809,385.982300,3656.842773
338.415833,452.414917,3639.818115
341.839020,485.145386,3630.792480
339.021057,688.671570,3565.240479
327.195526,719.449097,3565.544922
321.433014,819.856445,3549.091064
320.128479,858.183594,3543.819580
318.136566,899.727295,3539.606934
315.557251,942.622131,3533.649658
313.543793,983.896179,3532.297852
15.459717,-390.281281,3487.677490
44.401974,-391.080902,3485.719971
40.009857,-381.806274,3470.067383
11.680931,-382.860535,3471.750244
62.751919,-292.552429,3506.111084
66.217926,-300.469452,3522.447021
41.428387,-301.600586,3520.750732
38.853794,-295.382568,3504.198242
13.176590,-297.455322,3502.760742
10.013580,-296.871368,3487.299561
36.129921,-293.028656,3488.327393
6.194592,-325.509247,3454.652832
7.296264,-340.603516,3450.820801
35.736172,-336.091003,3449.083252
32.169460,-319.998627,3452.862549
9.043097,-370.974487,3459.345215
36.408363,-368.865326,3458.759033
35.267830,-353.471710,3451.233154
7.530928,-356.089996,3452.012939
19.365252,-322.544861,3546.623535
17.800867,-310.939484,3534.039795
44.550598,-310.375610,3536.117920
46.176254,-322.387756,3548.888916
142.408936,-399.056000,3539.532959
121.868607,-394.210602,3535.215332
183.531815,-291.737305,3568.022705
181.060196,-310.327637,3581.521729
167.111969,-313.756348,3575.378662
168.977386,-298.197937,3561.500977
76.017555,-371.713776,3545.216064
99.525154,-374.267822,3548.339844
99.722740,-389.138275,3531.204590
74.785324,-385.351868,3527.919189
72.191238,-321.712616,3552.150391
69.744972,-310.335205,3538.652344
93.949852,-309.260498,3541.840332
96.064537,-320.341583,3556.160645
57.965309,-299.383179,3461.805420
83.071831,-291.869354,3465.281738
133.680038,-336.932861,3569.534180
116.067886,-336.458710,3565.346436
223.820801,-245.958069,3582.721680
209.175491,-218.939545,3527.210938
203.817642,-227.404007,3524.855957
264.371338,-188.450729,3640.978760
263.205231,-204.322998,3643.621338
224.630539,-181.394989,3565.949951
222.240677,-198.840988,3557.124268
255.902771,-194.658890,3632.625977
257.781281,-205.314850,3637.155029
301.128418,-113.975861,3669.687500
379.020844,-387.327301,3597.001709
98.180443,-355.859619,3558.063477
97.634193,-336.286377,3561.496826
110.847000,-303.102264,3452.948975
127.847549,-295.752625,3457.721924
125.172585,-287.093475,3465.441895
107.152016,-293.963165,3459.730469
258.957123,-233.727631,3421.266846
278.880157,-222.351517,3415.678955
264.238251,-207.933929,3426.514893
247.115753,-220.955170,3431.249512
137.020920,-386.550629,3464.818848
133.194687,-395.150085,3475.568115
151.151215,-397.027679,3475.314209
152.252258,-386.587860,3463.366943
148.684769,-405.342010,3492.391602
128.379135,-401.745300,3491.794434
123.852905,-402.339264,3512.708008
145.121521,-407.278534,3515.248779
223.047028,198.086411,3502.734863
211.996017,202.977264,3532.879150
249.455490,66.973610,3622.414551
267.238373,76.092216,3644.046387
297.598572,177.924362,3657.697266
375.255127,313.502350,3656.926025
391.782806,322.136749,3631.031006
399.048828,388.525970,3553.450928
207.955399,209.729050,3562.930908
393.623688,420.149933,3542.314209
386.680206,453.170654,3532.997559
334.937317,446.018646,3470.641602
306.505676,446.840698,3467.121582
309.637085,413.356903,3465.754395
341.367340,410.123596,3469.952148
278.375061,449.452148,3474.071045
279.095734,416.826233,3472.726807
292.213470,553.372559,3623.381592
294.456879,803.628723,3441.968506
272.385376,844.604370,3449.664062
270.979706,802.293457,3446.042725
293.698303,844.627686,3445.110107
250.493195,803.081543,3459.789551
250.803406,764.542664,3462.488525
245.315857,854.500977,3537.502930
293.428833,886.650635,3450.923340
274.448151,888.179871,3454.758057
253.356964,844.900024,3461.385254
257.968719,888.951721,3464.867676
401.809235,335.555542,3592.642822
232.758926,306.834503,3630.589600
234.691650,273.575897,3631.891113
293.865845,263.206268,3665.765869
324.036346,279.684631,3671.995117
281.425232,-18.417269,3661.503418
262.450043,-21.550409,3639.437744
264.695251,-69.032463,3634.765381
249.155350,-71.704025,3611.587402
247.639023,-48.930023,3613.469971
263.642853,-44.983902,3636.773193
231.987549,-76.432190,3555.921875
232.216385,-78.902336,3525.130371
233.004471,-58.771805,3527.292725
231.757294,-55.757061,3557.769043
231.158203,-39.424351,3529.496094
240.380951,-43.172344,3500.866943
316.131348,-79.273987,3427.250244
294.671600,-75.209976,3438.369629
292.524628,-98.783005,3433.523926
314.470947,-104.717438,3422.730957
370.559814,254.875778,3686.758789
399.536469,322.311157,3608.013672
329.266052,355.551666,3663.543701
294.093842,323.822662,3670.620605
260.117462,318.698669,3658.719971
125.186234,-286.902313,3518.122314
218.368973,-261.177155,3439.593750
213.601089,-247.515045,3444.612549
106.123833,-397.047485,3489.038086
101.220634,-397.384399,3509.681641
116.569427,-318.522888,3560.996094
156.902191,-383.981934,3561.679199
153.251862,-360.393219,3570.937988
168.964798,-363.489166,3576.068848
268.073669,189.495087,3643.487793
238.748322,204.305862,3627.315674
265.735138,217.863739,3647.408447
401.995636,297.183624,3520.871338
351.460754,297.766479,3671.074951
380.929291,485.650665,3525.955566
376.347198,516.739014,3519.702881
372.970459,546.795532,3513.135986
369.600342,576.661926,3507.247070
365.482605,606.916138,3501.558350
357.980560,637.378601,3496.872314
349.447815,669.367371,3495.228760
345.843414,702.450806,3489.531006
357.635986,775.469604,3491.697754
350.679199,773.094849,3473.204834
347.923370,736.618103,3479.938232
351.774170,810.821960,3468.502197
348.827087,848.744690,3469.119629
340.003418,888.900146,3472.956299
334.690338,930.622864,3475.603271
331.815033,971.836853,3477.117188
401.918304,298.046631,3552.818848
401.957092,297.631744,3538.112793
280.974213,-383.370972,3570.800293
202.288177,-243.800232,3541.318359
191.123718,-251.200378,3537.934814
133.942490,-317.380554,3565.795166
62.011303,-365.683472,3456.431396
67.353371,-379.387970,3466.268799
115.752548,-307.589233,3545.939209
182.571838,-276.698822,3552.780273
168.586212,-287.011627,3548.505127
-208.892578,-390.351105,3503.173584
-206.388535,-394.842590,3487.638184
-229.428650,-390.750549,3488.803467
-231.321274,-385.271118,3503.030762
-210.332092,-379.632111,3514.946289
-232.248779,-374.434509,3513.052246
-208.082916,-308.451416,3496.805420
-207.815826,-319.391937,3510.177490
-229.998535,-319.386749,3504.536133
-230.049377,-309.845612,3490.715820
-253.264725,-356.789948,3516.118164
-252.261520,-343.086975,3515.309082
-231.055557,-345.679596,3519.214355
-232.051605,-360.778992,3518.517334
-205.530518,-310.234589,3459.911621
-202.722855,-321.642151,3447.333008
-181.021637,-317.139374,3450.797119
-184.204697,-306.702881,3465.328613
-114.911079,-315.989136,3522.891602
-117.809532,-304.293091,3510.495361
-98.068893,-306.177216,3517.955566
-95.310387,-319.115112,3528.317139
-162.623825,-399.816132,3504.093750
-159.105774,-400.893951,3486.355957
-182.891663,-398.232697,3486.975830
-185.980194,-395.129578,3503.938721
-163.190903,-357.190216,3530.216309
-161.561966,-339.299255,3526.701904
-136.869781,-343.698029,3529.464844
-138.118088,-362.168610,3532.680420
-138.629791,-403.966034,3502.983887
-135.417938,-401.418823,3485.420166
-209.284180,-349.156372,3523.371338
-207.994217,-333.222687,3518.993896
-185.193893,-336.022797,3523.474854
-186.822891,-353.042480,3527.069824
-248.489380,-319.179779,3454.920410
-246.579590,-330.634888,3445.212158
-224.645081,-326.354553,3445.548584
-227.026108,-314.599396,3456.544678
-251.539230,-330.784546,3509.400635
-251.410004,-320.185211,3499.540771
-230.048187,-331.807190,3513.828613
-248.299301,-382.919281,3461.356934
-250.296951,-387.374084,3475.249268
-226.792450,-390.514038,3472.812500
-224.253540,-383.937500,3458.140381
-162.132019,-309.712708,3509.923828
-161.212982,-322.717651,3520.711914
-184.864456,-320.438599,3515.956543
-185.378845,-308.494537,3503.346680
-164.391815,-390.646118,3518.966064
-187.720657,-385.066895,3516.927490
-200.364761,-383.923096,3455.958496
-203.160339,-393.077942,3470.804932
-179.072678,-394.012543,3469.792969
-176.252060,-383.014923,3454.582764
-152.157486,-363.642700,3444.305908
-153.020203,-344.974609,3443.175781
-175.362534,-349.783112,3441.494385
-174.919907,-367.468933,3444.451904
-138.329453,-312.692993,3516.022461
-140.343018,-302.696777,3501.485352
-162.546402,-303.747833,3472.341553
-159.512100,-312.781647,3455.952637
-138.397156,-308.789093,3462.659180
-141.002960,-301.077972,3481.158936
-94.144371,-387.323669,3529.204590
-94.684990,-400.300934,3516.123535
-115.645645,-399.242615,3518.887451
-114.644287,-385.212708,3530.812988
-114.397644,-405.437286,3500.737793
-93.161583,-404.734375,3497.350830
-61.453373,-391.778931,3476.955322
-60.422718,-378.372345,3467.413818
-72.947266,-379.533905,3469.229736
-74.995041,-394.007050,3478.480225
-109.450699,-352.824677,3444.154053
-110.381126,-333.618286,3448.237793
-131.359940,-339.684357,3445.324463
-130.224167,-358.798309,3443.738770
-96.464157,-311.035645,3462.619385
-100.767075,-299.971771,3479.024170
-118.515076,-304.232971,3470.730469
-114.122154,-317.003967,3456.845215
-34.969925,-303.429596,3484.385986
-33.573181,-300.738556,3499.120117
-52.622856,-300.105621,3497.420654
-53.285332,-303.867584,3481.916260
-47.905415,-311.200439,3528.078857
-29.286743,-311.132111,3529.609131
-28.649122,-322.618073,3541.215820
-47.001808,-323.031036,3538.751465
-32.728554,-387.559174,3524.448975
-33.229382,-395.724396,3505.877197
-48.517971,-398.381256,3507.611084
-48.949093,-388.849091,3524.743164
-92.172203,-346.735046,3444.957275
-90.455177,-326.852905,3450.935303
-64.340744,-309.994995,3525.973877
-62.937618,-322.341034,3535.750732
-78.141991,-321.282288,3531.944580
-80.487404,-308.331665,3522.651123
-60.137810,-354.518066,3537.322510
-61.730774,-371.909088,3533.935547
-76.280952,-370.764893,3533.730957
-75.867950,-352.918274,3534.250488
-62.589584,-388.653656,3526.068848
-62.258751,-399.603271,3509.873779
-77.416389,-400.141235,3513.137939
-77.420769,-388.063263,3527.730957
-80.631256,-344.069092,3446.219482
-79.567284,-358.347076,3450.365234
-70.191208,-354.059448,3451.238770
-71.279106,-340.164368,3448.411621
-82.179398,-306.195984,3470.121826
-84.833115,-298.433014,3487.059570
-93.085167,-350.661591,3531.707031
-93.931290,-334.518341,3532.341064
-77.132462,-336.279938,3536.428955
-76.563034,-402.854828,3494.267822
-36.462368,-310.438782,3472.520020
-36.492348,-318.911438,3461.973389
-18.603266,-316.535767,3463.259033
-18.256367,-307.241974,3473.213867
-16.604185,-301.201019,3485.570312
-14.082729,-299.907532,3500.700684
-8.782923,-311.337280,3531.729492
-7.517934,-323.100098,3543.839844
-6.666243,-338.240387,3550.516846
-5.844325,-355.316162,3550.189209
-28.132767,-355.246765,3546.374512
-28.718531,-337.976715,3547.235352
-7.495999,-385.476532,3525.976074
-9.187669,-392.252441,3506.690430
-33.612938,-394.183502,3488.684814
-12.040228,-391.105865,3488.239014
-67.006172,-301.093536,3511.246826
-50.469101,-303.040192,3513.792480
-198.176987,-370.240326,3444.720947
-198.205597,-353.543884,3440.799805
-221.382263,-356.564819,3441.636963
-221.882278,-371.936401,3446.895020
-245.017532,-344.503174,3441.822266
-222.409485,-341.009491,3440.912598
-210.409470,-365.427429,3522.070557
-188.097244,-369.930054,3524.949219
-253.530258,-369.924591,3511.731445
-93.334351,-368.506531,3532.905029
-113.295380,-366.620667,3533.343262
-60.083778,-364.942352,3457.991699
-48.387020,-376.504791,3465.666016
-48.806816,-363.206238,3456.484863
-91.498825,-364.903900,3450.989502
-109.371841,-371.928528,3452.496826
-109.717194,-385.854919,3469.685303
-87.970970,-379.128571,3467.233643
-61.985611,-336.622803,3451.671875
-60.706139,-350.946472,3452.226807
-49.322723,-348.488861,3452.582031
-50.375046,-333.956055,3453.690674
-30.645937,-372.622406,3538.495850
-47.616898,-372.392426,3535.540771
-16.364605,-372.266815,3460.987061
-34.052341,-374.380249,3463.728516
-34.161926,-385.589874,3475.182373
-15.557676,-382.989807,3472.970459
-48.435062,-388.663269,3476.214111
-16.542494,-358.304230,3453.604004
-34.317734,-361.160095,3455.108643
-6.109774,-372.261993,3541.918701
-35.318939,-331.489685,3454.793945
-34.831406,-346.259521,3452.625488
-16.876698,-343.376465,3452.054443
-17.519712,-328.592499,3455.595947
-199.917969,-337.122803,3441.392334
-177.591919,-332.660248,3443.628906
-101.022064,-298.005463,3500.182129
-119.940521,-298.540833,3491.122803
-83.431839,-299.202789,3506.988037
-207.718613,-304.640808,3478.287354
-229.103271,-308.371338,3472.964844
-163.189941,-301.767883,3492.961670
-185.672699,-302.563873,3485.296143
-153.368652,-380.493988,3454.231934
-66.207230,-313.102905,3464.814697
-68.567398,-304.342834,3477.237061
-77.788414,-316.813934,3457.816895
-10.472417,-303.203339,3516.908936
-31.440617,-303.783661,3514.981689
-80.652954,-332.090912,3447.914307
16.250818,-301.745056,3519.266357
-90.635597,-396.676453,3480.081543
-61.824383,-400.431183,3491.665039
-48.552364,-397.635773,3490.048340
-252.127762,-386.615204,3490.429688
-164.530869,-375.084991,3528.051514
-112.251816,-348.534302,3530.930420
-113.260925,-331.265259,3528.392578
-63.862919,-323.431488,3455.605957
-51.779388,-320.697174,3459.298340
-52.906216,-311.545441,3469.589355
-45.666157,-355.544189,3541.814209
-46.739845,-338.222290,3543.958252
-250.232819,-312.632172,3469.514893
-61.728447,-337.476410,3540.235107
-112.079323,-399.781036,3483.905518
386.389954,-343.063354,3419.831543
228.951019,-164.403198,3575.400879
269.144226,-135.173080,3635.251221
253.050919,-138.938812,3615.656738
215.976837,-226.720200,3547.109619
210.234390,-236.561646,3544.221191
176.713394,-263.727295,3535.982178
163.696594,-276.351532,3531.947266
229.155792,-207.151688,3577.306152
323.372467,-600.091064,3523.041748
324.373230,-592.261169,3519.602295
322.105988,-614.800842,3524.111816
383.338074,34.461945,3724.206787
324.766205,-583.756226,3535.574463
326.716187,-574.855896,3532.692139
321.475555,-579.008728,3534.708740
325.323212,-584.955139,3537.577881
325.174408,-586.271973,3538.066406
322.046753,-617.182556,3535.190186
325.918732,-582.668945,3519.060791
327.729492,-572.757996,3520.736084
323.495331,-602.518433,3540.833984
350.479370,44.980690,3440.011719
376.634705,47.431187,3442.459473
375.239319,67.284134,3436.259277
347.865601,65.435844,3437.049072
373.868744,85.824387,3428.034424
251.718765,117.314980,3460.542236
233.704834,114.246773,3485.351562
237.383713,92.508583,3487.236572
254.387436,94.944702,3463.441650
228.006516,74.608505,3513.177002
240.081955,73.254349,3487.793213
224.868713,92.683403,3514.436768
219.261703,97.691399,3544.655762
223.058273,78.689087,3542.609131
221.245346,107.146278,3574.305176
226.614075,87.010818,3572.101318
229.688034,118.345810,3601.388672
246.239380,130.244385,3624.056152
269.012817,164.012665,3642.302246
295.320496,152.272583,3658.416260
269.462402,141.957458,3642.681641
345.042389,166.888474,3681.562012
321.349335,161.074875,3671.418701
384.050354,173.551285,3694.077881
365.592621,170.797592,3689.032227
282.960693,-362.280701,3591.506836
311.673035,-427.734192,3472.359131
302.717102,-423.287506,3472.001465
293.544647,-429.422791,3496.154541
279.666962,-364.518219,3427.100830
279.092865,-384.994934,3439.879639
300.531219,-376.141937,3427.892334
301.900848,-356.765839,3419.644287
322.060120,-418.156769,3456.425049
326.404785,-421.242706,3457.468750
316.720551,-413.061096,3453.743164
350.256226,-394.496094,3434.740967
332.591461,-403.190704,3440.956543
248.277908,-419.914337,3498.427002
248.129211,-406.650085,3472.890625
236.466248,-405.820160,3478.744873
234.374268,-418.738129,3503.011475
244.404984,-354.239044,3432.506104
244.554123,-335.747131,3427.577393
230.641327,-340.133118,3432.243408
231.611618,-357.271362,3437.445068
193.422852,-416.046051,3515.130615
197.289871,-408.778625,3490.376953
182.682083,-408.908905,3491.877441
178.865692,-413.686676,3516.191162
233.755905,-374.027802,3447.179932
312.215546,-229.642838,3403.476074
289.864777,-238.735229,3407.197510
269.701843,-247.540482,3413.536377
223.311600,-275.821014,3435.846924
235.614609,-266.895874,3430.608154
230.020844,-251.736969,3434.266357
210.830368,-284.790985,3440.130371
198.000107,-289.625458,3445.229004
166.464417,-337.221558,3580.934570
180.600067,-337.630219,3587.005127
184.373260,-367.502136,3580.164551
168.534241,-297.319702,3453.474121
183.908585,-290.311493,3452.218506
180.829712,-281.609589,3456.313965
165.539108,-290.630768,3457.153076
261.836182,-420.718018,3494.709473
182.742416,-396.668884,3473.142334
197.398300,-395.213593,3472.139160
196.640823,-381.202484,3459.167725
182.506470,-384.444916,3460.792480
180.413193,-370.027130,3451.462158
194.254486,-366.024628,3449.071045
192.761200,-351.249207,3443.390381
178.463165,-355.310333,3446.060059
170.534607,-305.922638,3450.188232
186.458939,-299.267639,3448.284668
159.611343,-403.305176,3541.852783
219.230103,-418.693054,3537.497559
218.236191,-404.995575,3564.411621
231.936050,-409.395660,3561.281006
233.042450,-421.396027,3533.376465
140.189346,-275.843994,3508.481689
144.636749,-282.000458,3524.688965
138.315765,-271.787567,3493.851318
173.028519,-263.750549,3467.450439
138.527786,-273.776520,3481.244873
150.733109,-315.299438,3570.192139
150.810425,-336.982849,3574.398682
215.738647,-380.254761,3581.884766
229.651245,-386.077148,3580.114990
163.001282,-410.932922,3515.824707
166.628845,-407.436218,3491.964355
151.641571,-304.981476,3452.295166
148.599533,-299.056305,3454.965088
134.355362,-307.736755,3451.266113
187.326874,-255.624237,3459.025635
177.383881,-273.561462,3461.068848
221.168777,-418.032196,3507.813232
167.824112,-396.827087,3473.559814
167.409332,-384.975372,3461.234619
207.069214,-362.498474,3445.924561
209.700134,-377.905151,3455.865723
221.673370,-375.716400,3451.544922
219.327728,-359.638611,3441.930664
163.946213,-360.152557,3447.666504
161.107635,-347.398468,3445.502686
218.113480,-343.396790,3437.286377
205.833786,-346.876099,3440.995850
153.951462,-313.097656,3449.292725
242.237091,-390.369385,3576.991699
239.327988,-364.683868,3589.907471
253.078735,-364.999420,3588.804932
211.288101,-351.746582,3592.415283
226.137268,-359.501526,3591.883301
195.319778,-342.483032,3590.913330
266.462097,-363.333374,3589.200439
-73.806229,-327.404663,3451.140381
130.527191,-302.851837,3453.345459
116.441429,-310.326691,3450.079102
121.925026,-315.574890,3448.367920
62.730877,-348.708160,3449.802734
404.988342,-522.573120,3665.388672
405.494354,-528.893250,3667.486084
406.755035,-551.484009,3667.978027
406.929565,-555.695435,3667.020752
-70.310593,-366.679962,3459.075439
-78.747749,-368.218231,3458.639404
-130.711792,-376.868652,3453.692383
-155.602448,-393.115021,3469.607910
-132.481461,-390.439575,3469.753906
-140.042725,-396.399597,3519.831055
-139.397858,-380.934082,3530.355225
-136.855774,-326.467102,3524.547607
-134.302490,-322.637848,3451.409424
-296.865509,-373.388306,3507.119629
-296.663757,-380.020905,3495.407471
-319.530914,-377.159698,3498.585938
-318.967651,-369.096130,3509.116943
-340.650146,-365.909454,3511.771484
-338.881744,-354.295959,3515.097412
-318.052002,-357.833221,3514.158691
-336.643585,-343.348145,3511.744141
-316.310577,-346.069519,3512.656250
-334.550629,-334.577911,3504.121582
-334.169922,-328.664856,3494.868408
-314.357391,-328.970062,3498.028564
-314.879883,-336.200409,3506.787354
-293.596558,-322.841522,3491.251465
-314.449249,-323.833221,3487.445801
-314.402924,-321.842896,3475.278320
-293.380096,-318.947571,3478.530029
-335.403015,-334.957672,3453.376465
-335.405579,-344.493042,3449.637695
-313.792816,-341.806183,3448.063721
-313.878418,-331.158722,3452.768066
-291.714600,-362.962006,3449.932373
-290.951202,-350.824921,3446.310547
-314.209930,-353.689087,3448.586426
-314.977692,-365.382446,3452.049072
-336.508759,-368.036499,3452.527832
-338.514557,-375.910797,3462.312988
-316.447327,-374.318726,3459.824707
-253.144913,-380.715851,3503.018555
-274.950073,-376.893585,3504.587402
-275.043671,-365.827942,3512.383545
-294.300964,-338.263458,3509.689453
-273.427490,-340.566833,3512.489258
-274.374786,-352.965942,3514.957764
-295.392029,-349.379242,3513.895264
-251.288773,-312.633759,3485.713135
-272.514404,-321.476685,3495.140869
-272.329376,-316.080261,3481.857422
-293.805725,-329.465393,3501.807373
-272.803558,-330.149475,3505.479980
-292.524567,-320.770081,3464.801025
-314.047333,-324.751495,3462.893066
-296.218811,-381.846680,3482.068604
-295.088287,-379.748535,3468.712402
-318.284943,-378.619995,3472.063232
-319.270203,-379.877533,3485.301270
-271.473999,-317.108093,3467.198730
-271.810181,-381.390350,3464.864502
-273.352020,-384.474945,3478.536865
-293.376984,-373.361176,3457.297119
-270.070374,-372.823364,3454.066895
-341.055389,-378.589294,3488.292969
-341.608826,-374.738464,3501.629883
-274.466980,-383.224548,3492.777100
-291.823578,-327.342194,3453.170654
-291.218231,-338.416809,3446.913330
-268.711090,-334.490723,3445.822266
-270.110718,-323.365234,3453.989258
-244.809692,-358.783020,3443.837891
-267.977844,-347.646179,3443.885254
-268.301117,-360.754486,3446.873779
-335.592224,-356.013550,3449.742676
-246.204849,-372.484131,3450.473145
-431.751190,-328.213043,3499.618652
-421.040466,-324.422302,3501.181152
-426.606781,-322.287567,3512.520752
-436.933624,-326.841522,3510.403809
-403.475464,-312.482178,3520.907959
-393.500580,-317.068207,3529.666260
-403.982452,-318.200897,3539.852783
-412.527252,-313.911438,3532.089111
-440.775574,-328.515228,3520.341553
-430.945709,-322.989258,3522.307373
-439.413849,-333.310181,3527.550781
-449.173401,-341.647797,3523.838623
-449.554077,-334.067291,3519.195312
-458.329987,-345.905487,3521.641357
-443.000183,-353.814362,3521.402832
-456.609497,-355.770020,3517.222900
-437.256744,-366.868835,3492.937500
-434.415710,-367.620880,3480.592041
-450.712250,-366.361694,3480.291992
-453.196533,-364.974457,3493.132568
-441.297180,-361.748077,3458.280762
-447.279205,-364.562164,3469.160645
-430.777313,-366.399658,3470.407471
-426.172485,-363.912445,3460.600342
-424.998474,-331.461365,3482.757080
-413.555511,-329.155273,3482.301514
-416.230865,-327.674927,3490.094238
-427.051239,-330.576050,3489.748047
-434.785675,-336.324249,3540.118408
-431.196167,-345.336548,3531.495361
-437.931763,-341.521759,3529.592529
-436.945435,-332.584015,3538.137207
-385.469147,-320.249237,3466.297363
-372.097839,-323.429871,3468.151367
-372.642822,-323.866089,3478.519531
-384.791962,-321.404816,3475.470947
-376.936920,-319.645416,3511.064209
-371.281158,-323.802307,3502.243652
-365.100922,-334.925629,3514.098389
-372.604431,-333.060486,3520.303711
-384.131836,-317.390228,3519.915283
-379.860870,-330.850677,3527.203857
-389.683014,-329.148224,3535.187012
-401.159302,-327.929504,3544.395264
-370.947113,-327.051941,3456.477783
-380.473969,-324.261353,3452.646973
-514.180725,-337.635986,3514.143555
-514.869812,-335.924927,3507.715332
-508.441925,-336.258636,3508.587402
-507.764099,-338.070404,3515.103760
-379.567444,-346.216614,3443.950195
-381.752075,-356.919098,3447.494629
-373.493835,-356.481720,3447.736084
-371.744751,-345.171143,3446.481689
-390.039337,-347.250702,3440.869629
-392.542847,-357.841797,3447.136230
-516.928345,-351.547882,3515.597412
-515.557800,-346.845520,3518.662598
-509.021118,-348.220642,3518.708008
-510.173492,-352.944550,3515.274658
-446.896790,-329.931915,3510.023682
-442.211456,-330.609039,3499.902100
-467.580139,-332.659424,3505.843262
-454.601410,-331.907379,3500.490723
-456.641083,-332.302887,3511.459473
-466.178772,-334.493347,3513.179932
-446.865784,-333.114960,3477.664062
-435.060394,-332.699829,3477.804688
-439.339050,-332.797394,3486.542969
-451.532349,-332.991699,3485.859131
-431.828186,-329.204437,3463.566895
-443.035767,-330.471893,3462.997559
-441.513824,-328.410431,3455.333496
-431.681274,-327.157501,3456.457764
-466.128174,-334.210144,3468.627441
-476.843048,-337.409729,3467.782471
-475.051178,-337.906647,3461.452148
-464.722809,-333.865997,3462.141113
-364.730347,-356.764069,3447.997559
-363.097534,-345.266357,3448.007568
-431.382538,-353.550507,3438.783447
-426.446899,-344.768280,3432.346924
-437.028717,-343.173737,3428.222412
-441.980072,-352.131256,3435.113525
-385.116760,-365.385162,3455.567871
-376.203125,-366.037842,3455.071777
-518.207336,-353.887421,3509.628418
-511.437347,-355.460510,3509.250244
-392.034637,-341.923584,3532.642578
-403.887634,-338.799835,3542.490479
-381.911865,-344.499146,3524.926025
-374.280579,-346.705353,3520.098389
-366.326080,-348.962189,3517.826904
-460.679413,-332.676056,3494.442627
-435.905579,-331.543365,3491.580322
-423.186188,-331.017914,3477.281494
-418.815613,-323.128387,3443.392090
-409.925110,-322.909607,3443.723145
-413.700226,-322.067505,3454.641113
-421.533569,-323.545593,3451.676514
-424.757355,-333.958527,3430.923340
-426.804535,-327.015381,3435.657227
-436.496246,-327.389343,3433.668945
-435.146820,-333.154663,3427.946045
-431.969757,-339.266907,3544.463867
-423.911865,-345.740997,3535.762207
-379.113251,-334.352844,3445.135742
-370.558502,-334.777008,3449.023682
-362.295502,-336.299011,3451.843750
-399.055115,-324.545197,3478.109863
-384.613739,-321.504761,3481.679199
-385.745239,-319.567200,3489.365479
-400.645325,-324.057831,3483.837402
-409.136536,-317.577423,3503.440186
-395.258606,-313.299194,3508.960938
-416.005005,-315.879639,3515.291504
-372.065613,-323.677612,3488.313477
-362.393860,-326.704193,3480.253174
-361.995880,-327.083496,3491.279785
-362.472778,-327.271576,3468.958008
-362.494995,-330.524567,3458.777832
-351.040710,-327.412140,3481.806396
-350.460999,-328.622528,3492.655762
-351.164215,-328.423248,3470.036865
-351.703522,-331.681976,3459.971924
-353.776031,-369.698761,3453.673584
-352.227814,-357.404388,3449.249023
-366.419678,-367.928070,3454.347656
-353.417938,-340.235077,3512.365967
-362.394348,-329.737854,3503.010742
-351.349701,-332.644714,3502.895020
-355.768372,-351.637360,3516.250244
-418.706787,-315.832001,3540.337402
-424.948944,-316.473602,3547.178223
-431.046906,-318.801300,3541.292480
-426.308167,-318.904022,3534.294922
-467.460022,-348.167603,3519.671875
-466.743469,-340.131042,3518.722412
-457.927063,-337.750366,3519.015137
-395.392731,-320.018829,3460.030273
-390.750946,-323.210541,3448.070801
-470.614685,-333.570526,3499.274902
-501.959991,-353.949890,3515.062012
-500.932526,-348.829163,3518.712646
-486.889954,-348.964233,3518.666260
-488.398438,-355.075378,3514.972900
-481.418182,-338.442871,3495.121338
-478.430267,-335.353119,3501.149658
-487.632935,-335.776581,3501.683350
-490.438293,-340.139435,3496.519775
-470.848206,-335.506012,3454.216553
-462.375092,-332.389404,3454.522705
-468.797272,-359.148926,3492.570801
-467.324310,-361.384216,3505.879395
-454.512543,-363.316681,3506.673828
-444.530426,-332.122650,3469.970215
-455.510925,-332.733795,3469.243652
-454.148712,-331.760345,3462.498779
-464.706726,-333.684265,3491.293213
-471.999512,-334.905457,3493.588135
-469.433136,-335.046173,3486.756592
-460.603485,-333.504486,3485.591309
-413.784912,-346.738708,3435.180176
-412.106689,-332.481384,3433.693115
-514.467346,-341.823090,3518.032715
-508.086731,-342.753662,3518.711670
-351.859863,-345.858459,3449.796143
-351.851349,-337.150146,3453.268311
-432.849457,-331.399078,3470.788574
-439.502350,-363.312622,3506.782227
-421.451447,-329.474945,3471.428223
-460.680847,-352.239838,3446.670166
-460.452332,-344.650146,3441.514160
-468.553070,-344.888702,3443.957764
-469.359344,-352.276550,3445.914551
-503.119720,-341.988800,3497.393799
-501.417999,-337.307159,3502.285889
-509.787384,-338.116394,3501.974121
-511.128021,-342.762329,3497.646484
-475.748016,-334.638184,3507.271729
-474.457092,-336.413940,3513.753174
-484.758362,-337.208862,3514.205811
-485.634857,-334.842743,3508.036377
-475.184143,-341.891449,3518.010498
-485.556244,-342.583466,3518.178711
-504.478210,-349.126434,3496.305908
-504.225067,-355.150024,3501.001221
-490.890503,-355.576447,3499.724365
-492.249847,-348.152344,3495.514893
-411.544739,-366.015381,3462.556152
-408.175476,-362.467194,3453.403076
-422.349915,-360.184692,3450.677734
-436.456573,-358.109833,3447.634766
-449.522980,-353.571167,3445.310547
-455.083252,-360.006378,3456.138184
-418.411133,-355.783234,3442.484131
-480.190399,-349.186890,3489.576172
-479.763397,-354.587677,3496.725586
-478.863647,-355.794403,3488.005127
-419.832062,-326.584503,3463.100830
-499.994751,-342.975952,3518.802246
-380.824219,-367.598816,3505.195312
-381.768951,-373.327698,3492.018066
-393.110565,-372.023346,3490.946045
-390.628998,-365.233734,3506.533203
-499.912323,-335.879456,3508.756348
-499.605133,-337.635040,3515.125244
-461.622955,-332.355255,3446.927246
-469.076935,-335.702545,3447.963623
-469.228027,-338.182129,3443.428467
-463.228210,-335.656982,3440.815918
-404.991272,-357.752563,3445.338379
-445.352539,-341.192444,3425.231934
-449.045288,-350.703491,3431.303223
-395.354401,-364.532104,3454.915527
-398.336456,-368.634949,3464.332031
-387.772675,-370.775940,3465.750732
-464.255280,-359.856995,3468.339111
-415.257141,-368.181335,3471.567627
-401.397827,-370.284668,3473.424072
-389.638611,-372.320526,3476.354492
-380.017334,-374.146515,3477.714600
-378.327057,-372.274078,3466.114014
-503.223358,-356.712585,3508.603271
-512.285095,-354.218018,3501.938721
-367.703125,-374.000000,3465.998535
-355.031494,-376.074097,3464.682129
-356.668518,-377.842682,3477.270264
-369.854279,-375.928192,3478.456055
-404.182556,-370.502625,3483.444092
-406.199097,-369.613892,3494.087891
-418.419586,-368.892944,3481.284912
-421.630432,-368.103363,3492.971436
-465.565552,-364.101257,3480.228271
-528.454712,-347.863922,3498.909180
-519.231689,-348.477539,3498.203613
-518.217285,-342.800507,3497.427734
-527.695496,-343.004883,3497.645020
-512.180176,-348.990143,3497.424072
-519.106445,-353.041962,3502.660156
-423.852142,-363.862701,3507.259766
-478.376221,-338.252899,3487.676758
-405.940948,-361.806610,3510.765381
-428.379181,-357.010071,3522.038574
-415.973480,-354.548401,3525.718018
-385.975769,-356.468445,3518.881592
-396.492828,-352.732483,3525.072266
-369.153809,-360.678650,3513.595703
-377.439850,-358.748566,3515.408203
-357.780457,-363.189117,3512.914062
-408.238831,-347.995544,3535.102783
-522.652832,-336.418762,3512.806885
-523.479797,-335.409882,3506.219971
-371.388672,-369.588104,3504.496582
-359.267548,-372.096344,3503.649414
-422.293610,-316.950348,3525.768555
-408.761444,-324.271759,3466.000244
-410.359131,-327.139862,3472.246094
-400.971954,-322.798431,3445.111084
-405.468933,-320.711121,3457.152588
-358.601562,-377.455139,3490.724121
-334.858307,-325.539276,3484.179199
-335.014984,-325.905975,3472.395752
-340.077087,-378.325409,3475.089844
-523.372559,-340.212433,3517.099609
-480.612457,-344.507874,3465.601562
-479.169678,-345.629395,3462.651123
-411.984741,-318.758789,3547.256592
-420.659424,-319.232513,3552.838623
-423.218018,-332.849854,3555.788330
-420.497070,-325.355255,3556.202393
-410.465607,-326.642761,3551.694580
-413.420258,-335.896240,3550.448242
-398.352875,-323.619720,3473.464355
-397.848358,-321.909729,3467.618408
-401.428772,-347.703613,3437.898438
-399.913361,-334.064941,3436.541748
-476.298218,-349.179810,3518.728760
-467.675629,-356.086975,3515.224854
-477.178986,-355.538727,3514.420410
-489.372253,-357.951569,3507.690918
-481.811218,-344.197144,3489.883301
-483.859253,-346.349426,3494.131348
-389.521729,-316.319458,3498.262207
-403.977570,-321.396637,3492.307617
-432.777344,-324.742065,3530.193115
-435.638184,-325.982452,3536.899414
-457.176910,-333.317413,3477.387939
-477.856567,-358.548767,3470.884277
-477.374390,-361.867798,3480.107178
-466.853455,-334.517517,3477.573242
-526.219116,-349.633636,3515.352783
-524.798889,-344.807434,3518.161865
-477.928589,-359.081421,3506.389404
-452.146576,-329.927948,3454.575439
-472.690033,-355.033661,3462.799316
-479.936951,-352.284027,3466.679932
-442.631012,-333.174713,3426.798340
-371.518555,-375.142883,3491.662354
-516.397644,-337.708984,3500.941650
-525.227905,-337.428009,3499.910889
-528.008057,-351.238739,3502.965332
-527.029480,-352.080261,3509.426758
-389.024628,-334.301239,3440.428955
-411.855164,-328.805908,3477.219482
-335.355774,-329.355408,3461.549316
-417.846436,-343.374664,3544.212158
-427.649323,-338.572845,3551.093750
-475.922516,-336.473572,3477.544434
-454.682037,-349.529999,3438.213135
-464.864838,-358.724518,3454.146240
-472.626160,-358.253632,3452.260254
-477.410309,-356.426178,3459.269287
-480.711578,-351.199463,3461.076904
-535.352417,-350.459015,3502.883789
-534.681335,-351.223175,3509.260010
-534.214661,-348.675934,3515.183594
-532.268738,-343.862885,3517.590576
-530.100952,-339.586975,3516.169922
-535.619385,-347.314484,3499.055420
-534.439209,-342.663177,3497.870361
-531.674866,-337.415588,3499.992920
-541.657471,-346.362549,3498.818359
-542.796570,-349.414703,3502.766357
-548.423096,-345.137848,3515.393311
-542.450134,-347.728607,3514.740967
-546.042603,-348.171295,3512.244629
-549.981628,-347.256470,3512.627686
-554.684387,-346.212280,3512.026367
-553.464111,-343.421265,3514.210938
-545.376953,-349.481750,3508.778320
-549.996460,-348.778595,3508.275391
-549.864624,-348.262085,3503.789062
-554.440735,-347.508606,3503.197754
-554.931152,-348.059448,3507.628906
-545.936829,-349.101471,3504.995850
-541.282715,-350.390106,3509.056396
-557.739502,-342.828796,3511.580322
-557.988281,-345.604126,3510.961182
-559.313416,-346.879639,3507.319336
-560.392090,-343.789337,3506.787354
-538.856506,-343.042023,3516.929932
-546.087158,-341.488617,3515.809326
-552.094971,-340.178497,3513.796875
-556.834351,-339.709686,3510.757812
-544.888123,-337.948120,3513.826660
-551.134766,-337.475647,3511.410645
-555.088684,-337.428101,3508.724365
-544.799927,-335.491119,3509.846924
-550.814697,-335.740265,3508.171387
-535.545532,-335.942841,3511.410400
-536.384827,-338.857422,3515.480713
-553.787109,-336.414154,3507.053223
-558.972961,-340.538635,3505.778564
-548.737976,-347.214813,3500.600830
-554.263550,-345.937531,3500.394287
-547.983276,-344.780914,3498.404297
-553.689819,-343.347839,3498.790283
-558.906372,-344.990204,3501.848877
-558.515625,-347.167908,3503.528076
-528.783569,-336.064636,3511.893799
-529.743469,-335.508698,3505.436768
-536.111511,-335.113434,3505.085205
-544.833557,-334.370148,3504.046143
-537.614319,-337.321045,3499.913574
-540.353516,-342.044189,3497.801758
-546.952087,-341.354584,3497.923828
-545.614746,-337.209167,3499.397461
-552.634338,-340.288513,3498.752930
-551.756226,-337.398285,3500.265137
-551.434265,-335.714661,3503.998535
-556.267273,-339.351776,3500.880127
-558.030640,-342.068024,3500.974609
-557.103699,-338.419220,3504.882080
-554.652405,-337.764709,3501.582031
-554.689819,-337.017670,3504.360840
-522.482544,-341.639313,3477.802734
-522.007690,-340.382477,3471.600098
-513.683655,-340.864532,3473.275879
-514.299866,-342.170319,3479.385254
-523.291382,-355.453125,3481.909912
-523.328491,-349.334930,3484.164551
-515.641724,-350.758514,3485.314941
-515.635315,-356.814484,3482.725342
-522.464050,-358.305664,3475.076660
-514.836487,-359.652344,3475.619141
-506.543518,-357.565552,3484.067627
-506.518372,-351.208435,3486.451904
-490.906708,-349.954071,3487.439697
-490.951843,-356.707001,3486.130859
-487.829987,-339.550690,3469.606689
-489.477203,-344.683533,3466.042969
-523.119080,-344.465454,3482.223633
-515.162231,-345.494476,3483.568359
-504.641876,-345.859100,3465.057373
-504.135132,-341.363312,3468.770508
-513.785461,-342.204559,3467.639893
-514.179077,-346.183228,3463.851074
-488.451660,-340.085724,3483.442871
-487.411987,-338.232941,3476.562988
-490.080475,-344.544769,3486.446777
-505.201996,-352.145599,3464.105225
-505.616608,-358.032715,3468.134521
-490.363770,-358.655426,3470.153809
-490.576874,-352.196075,3465.746338
-505.700531,-345.558533,3484.796875
-503.743347,-339.925507,3474.724609
-504.618774,-341.410767,3480.928711
-505.730377,-360.318085,3476.623047
-514.621582,-357.011902,3467.304688
-532.843262,-350.902374,3462.773682
-522.470886,-351.326752,3463.087646
-522.208618,-345.952209,3462.464844
-533.024597,-345.927643,3461.523193
-514.581482,-351.630524,3463.529785
-522.347412,-356.193451,3467.193604
-533.775024,-340.589355,3475.685547
-533.445129,-339.836914,3469.409668
-534.208740,-343.123688,3480.195801
-490.438110,-361.404816,3478.711914
-533.893555,-353.620178,3480.503174
-534.200989,-347.566315,3482.126953
-521.990112,-341.753998,3465.927002
-532.914978,-341.435699,3464.036133
-532.638489,-355.175842,3466.801758
-532.692566,-356.786621,3474.157715
-541.197937,-353.930786,3466.111572
-541.578369,-355.342346,3472.844727
-542.639893,-352.535553,3478.959473
-542.008972,-346.728180,3480.454590
-541.205261,-342.783966,3478.451416
-541.063721,-350.406372,3462.339111
-540.618896,-346.093719,3461.157959
-539.817261,-341.681702,3463.265137
-548.932800,-349.713562,3461.333496
-550.248291,-353.068115,3464.733398
-564.502136,-348.425201,3474.996338
-558.420837,-349.753326,3476.831299
-559.029358,-351.761292,3473.788818
-564.669128,-351.378693,3473.018799
-551.571106,-351.888123,3477.060059
-554.971375,-352.697540,3473.827881
-554.297729,-353.711243,3470.285400
-558.992432,-353.608887,3469.352539
-558.207581,-352.631683,3465.037842
-563.807861,-352.629974,3463.827881
-564.882568,-353.791168,3468.435059
-554.102112,-353.134796,3466.451660
-568.783508,-351.082886,3471.511230
-569.060425,-348.295685,3471.525146
-549.447571,-354.583923,3471.298340
-549.166992,-346.579895,3479.151367
-556.793152,-345.601807,3477.523438
-563.468262,-344.712189,3474.473145
-568.212769,-344.803223,3470.395264
-555.680542,-341.820221,3475.095947
-562.513977,-341.761841,3472.225342
-566.558105,-342.491058,3468.793457
-554.954041,-339.360596,3470.868408
-561.988037,-340.078491,3468.838867
-546.060547,-340.082642,3472.868408
-547.351257,-342.547760,3477.246582
-565.188782,-341.318604,3467.417969
-571.167725,-349.859955,3466.581055
-570.209412,-346.405731,3465.684326
-570.327393,-353.271606,3467.680420
-557.093018,-350.906250,3462.667480
-563.195007,-350.407135,3461.601807
-556.339478,-348.957245,3460.303711
-562.959839,-348.407104,3459.764648
-568.657898,-350.527405,3462.174805
-568.268982,-352.737244,3463.690186
-540.384155,-340.471252,3474.183838
-539.914734,-339.981445,3468.435547
-545.450256,-339.249420,3467.155273
-554.503540,-338.721619,3465.219238
-545.538086,-341.376495,3462.352051
-547.454956,-345.792236,3460.361572
-555.240173,-345.462036,3459.458496
-554.322693,-341.328430,3460.913574
-561.954895,-345.266449,3459.487549
-561.090027,-341.832458,3460.685791
-561.187256,-339.677643,3464.293701
-566.496277,-344.769836,3461.057617
-568.158386,-347.727997,3461.111572
-567.829346,-343.477966,3464.903320
-564.755798,-342.486603,3461.592529
-565.219421,-341.527405,3464.402344
-510.099243,-341.459930,3448.989014
-508.127319,-338.340454,3444.020020
-501.387848,-339.118378,3446.016357
-503.599457,-342.014648,3450.922607
-510.946045,-354.289093,3448.935059
-511.752716,-350.803741,3451.166992
-505.036346,-351.625122,3453.541260
-503.563538,-355.808075,3451.479248
-509.357697,-355.733643,3443.544189
-501.286377,-357.072418,3445.595947
-496.150604,-356.479279,3453.827637
-498.053894,-351.618530,3455.939209
-487.040527,-350.850891,3458.664795
-485.244446,-356.615051,3456.791992
-511.545593,-346.207611,3451.050049
-505.015259,-346.718109,3453.257080
-491.114746,-341.049164,3439.890137
-491.735229,-338.327820,3443.249023
-499.796143,-339.114624,3441.042725
-499.171265,-341.756195,3437.827881
-483.087524,-340.209869,3456.660400
-480.088959,-337.475677,3451.907715
-485.835907,-344.970215,3458.500488
-491.159546,-346.958954,3438.289795
-491.542572,-354.037567,3440.756348
-479.469055,-353.193695,3443.658203
-478.549713,-345.867523,3442.070801
-498.000031,-346.156189,3455.471924
-493.612183,-337.994659,3448.409912
-496.182800,-341.136932,3453.296143
-493.246429,-357.692535,3447.552734
-499.504028,-353.581024,3439.068115
-517.802368,-346.856293,3432.306885
-506.496368,-347.019867,3434.545654
-506.253662,-341.375366,3435.276855
-517.477661,-341.791931,3432.364502
-499.028503,-347.146820,3436.267578
-507.636963,-352.789703,3437.474609
-519.938477,-340.347595,3445.673828
-518.296631,-337.684326,3440.791016
-521.240723,-344.664368,3447.792480
-482.026093,-358.134979,3450.172607
-478.031525,-339.537933,3443.061279
-521.565918,-352.265045,3446.086914
-521.883118,-348.914642,3448.095459
-506.545532,-338.278961,3438.695312
-517.179138,-338.143036,3435.509033
-518.693176,-351.766632,3435.332520
-520.000305,-354.187500,3441.188232
-526.314392,-351.164185,3433.371826
-527.702332,-353.168976,3439.208740
-529.442627,-351.440125,3444.167969
-529.164124,-347.669098,3445.958984
-527.858765,-343.672577,3445.423584
-525.625793,-346.467377,3430.589355
-525.025818,-342.138397,3430.903076
-523.840454,-338.460449,3433.942627
-531.294983,-345.974213,3428.927002
-533.236145,-350.181763,3431.703857
-548.802979,-347.888855,3439.653320
-543.474304,-348.624298,3441.495117
-543.428101,-349.706879,3438.986816
-548.482727,-349.667480,3437.685059
-536.836060,-350.656921,3442.132812
-539.480164,-350.755676,3439.536865
-537.866394,-351.661926,3436.365479
-542.551208,-351.394897,3434.993652
-540.387878,-349.478241,3431.009766
-545.287415,-349.262482,3429.554443
-547.569641,-351.026947,3433.593994
-536.968323,-350.726379,3432.777100
-551.649719,-349.414215,3436.014160
-552.590759,-347.588928,3436.687744
-533.823547,-352.312897,3437.497070
-535.324402,-346.735657,3444.525391
-542.140381,-345.444519,3442.899658
-548.219421,-344.664551,3440.360352
-551.684692,-344.257599,3436.798096
-540.415527,-341.873535,3441.983887
-546.439514,-341.385284,3439.454102
-549.547913,-341.291138,3436.374023
-538.479248,-338.854401,3439.601807
-544.679749,-339.106323,3437.300781
-531.434143,-339.653839,3441.553711
-533.407837,-342.797455,3443.868896
-547.537415,-339.789520,3435.578857
-552.816589,-347.767914,3431.910156
-551.949036,-344.103790,3431.526855
-551.532227,-350.346252,3432.483154
-538.712830,-347.921844,3428.848633
-544.156860,-347.183960,3427.672852
-537.421021,-344.783142,3427.709961
-543.441345,-344.369232,3426.860596
-549.044495,-347.330994,3428.118408
-548.984985,-349.299622,3429.373291
-526.072876,-340.106781,3443.244629
-524.331299,-337.964508,3438.997803
-529.687500,-337.725952,3437.549561
-537.197815,-337.151978,3435.320801
-529.026917,-338.295044,3432.761475
-530.285339,-341.824005,3429.815918
-536.624695,-341.362061,3428.392578
-536.168335,-338.142700,3430.882324
-542.702271,-341.336456,3427.568359
-542.443176,-338.552765,3429.571045
-543.472046,-337.714844,3433.493164
-547.150452,-341.438904,3428.428223
-548.334290,-344.344482,3427.668213
-549.698242,-341.199768,3432.000977
-545.850281,-339.443756,3429.699463
-547.176025,-339.305573,3432.617676
-478.215088,-337.425171,3446.789307
-482.401978,-334.333954,3420.518311
-479.988220,-331.735718,3417.822021
-475.460175,-332.430359,3420.802002
-477.691528,-334.927734,3423.472656
-483.477722,-346.184418,3418.425293
-484.822876,-342.777222,3421.189453
-479.772217,-343.796082,3424.683105
-478.208374,-347.731079,3421.914795
-480.189209,-345.937836,3413.525635
-474.722443,-347.484161,3416.709961
-472.068542,-348.114227,3426.217773
-474.010834,-343.911102,3428.927979
-464.996216,-343.807831,3435.023926
-462.094910,-348.827637,3432.860352
-448.834015,-332.965729,3425.709473
-450.341827,-330.172974,3429.860352
-458.136963,-330.584534,3425.876709
-455.633514,-332.518097,3422.183350
-484.250244,-338.322723,3421.597656
-479.428894,-339.020416,3424.945801
-465.476044,-332.812012,3416.975830
-467.891266,-331.063873,3420.519043
-473.186676,-331.611420,3417.295654
-471.190582,-333.086395,3413.818604
-453.698029,-329.659393,3434.178467
-457.709137,-331.351074,3438.420410
-463.331757,-333.792511,3433.319092
-460.983917,-331.065186,3429.678955
-464.973633,-337.861359,3434.677734
-464.319458,-337.121429,3415.067139
-465.389893,-343.247162,3416.233154
-454.250153,-343.323059,3421.581543
-454.387421,-336.927521,3420.543457
-473.880524,-338.905640,3428.632568
-470.348358,-331.850525,3424.264893
-472.529755,-334.772308,3427.358398
-468.251770,-348.245575,3420.831543
-471.821594,-342.901031,3412.760010
-482.236450,-335.195557,3405.037598
-475.442535,-336.403320,3408.808594
-475.692139,-332.161377,3410.489990
-482.137787,-331.442657,3406.501221
-470.438171,-337.155884,3411.811523
-477.142456,-341.669006,3409.771484
-488.869781,-333.365784,3416.790039
-486.058044,-330.726074,3414.080078
-490.514404,-337.174744,3417.645264
-457.550354,-349.897034,3427.014893
-490.280640,-344.322144,3414.579834
-491.350647,-341.056763,3417.092041
-477.597961,-330.877228,3414.183350
-483.650970,-329.951477,3410.104736
-484.020599,-340.142273,3406.093750
-486.995270,-344.125885,3410.033691
-489.763855,-339.178162,3402.857666
-492.633453,-343.213013,3406.876953
-495.689209,-343.097382,3411.692139
-496.222748,-340.055481,3414.414062
-494.741852,-336.316437,3414.973633
-487.843994,-334.221954,3401.934814
-487.484100,-331.138794,3403.886963
-488.321777,-330.010590,3407.567871
-492.964935,-333.942383,3399.855469
-495.570953,-338.638245,3400.344727
-510.078674,-338.296021,3405.585205
-506.280121,-339.611755,3407.824951
-505.804535,-340.350708,3405.455566
-509.265900,-339.752747,3403.905518
-500.861572,-341.652222,3408.895264
-502.382751,-341.453857,3406.231689
-500.190308,-341.404022,3403.541748
-503.780975,-341.015350,3402.130371
-501.747620,-338.723663,3398.755615
-505.581024,-337.824219,3397.001709
-507.766907,-340.615234,3400.268311
-498.997040,-339.842255,3400.599609
-511.950195,-339.638153,3402.156494
-512.990417,-337.811462,3402.640625
-497.142731,-342.166626,3404.823730
-500.659576,-338.983124,3411.849121
-505.943848,-337.543091,3409.357910
-510.417633,-335.975800,3406.286133
-512.739502,-334.894226,3402.725098
-504.161133,-334.840668,3409.788818
-508.919708,-333.574127,3406.436035
-510.933167,-332.677856,3403.088379
-501.962646,-332.099670,3409.119385
-506.811859,-331.491882,3405.853760
-496.570831,-332.801941,3411.873535
-498.982025,-335.988953,3412.608643
-509.223938,-331.561218,3403.513184
-512.276917,-336.912720,3398.361328
-511.886047,-334.001007,3399.048096
-511.005341,-339.757568,3398.522949
-499.972290,-336.362732,3397.506104
-504.867798,-335.303162,3395.786621
-498.244354,-333.194763,3397.838867
-504.241119,-332.533234,3396.331055
-509.100006,-335.590302,3395.839111
-508.656921,-337.849731,3396.290527
-492.738708,-332.915955,3414.053955
-490.341125,-330.675171,3411.442871
-494.061890,-330.311462,3409.320312
-499.420990,-329.664886,3406.774170
-492.395386,-329.487152,3405.463867
-491.936340,-330.766846,3401.840332
-497.816742,-330.403564,3399.569336
-498.147247,-328.819733,3402.953613
-503.902985,-330.347717,3398.146973
-504.170959,-329.169373,3400.905029
-505.244385,-329.809662,3403.988770
-508.315613,-331.180817,3398.547607
-508.963287,-332.989380,3396.746338
-510.561890,-332.040955,3400.397949
-507.535217,-330.174713,3400.219482
-508.756470,-330.700989,3401.818848
-448.690430,-336.662933,3423.767578
-441.646332,-335.920929,3552.351562
-444.136078,-333.570587,3547.719238
-438.283875,-317.158691,3548.593262
-442.528961,-322.331787,3545.203857
-433.654297,-316.060669,3554.308350
-431.224213,-323.701843,3562.333252
-431.471283,-318.773621,3559.303955
-444.858734,-328.875000,3545.008057
-437.742889,-335.750122,3558.114502
-433.373108,-330.546448,3562.224609
-446.765533,-334.555145,3565.112061
-442.730774,-329.108582,3569.584717
-440.201355,-321.700928,3569.551025
-439.580627,-316.643402,3565.168457
-440.575348,-314.334503,3559.324219
-450.021851,-335.334656,3558.496338
-451.425720,-332.731018,3552.933350
-450.524567,-327.121918,3550.008301
-458.008881,-334.590057,3564.369141
-457.759918,-333.448761,3572.808105
-461.363068,-317.524689,3582.286865
-456.150665,-317.822144,3579.735596
-457.588562,-321.833221,3582.058594
-461.335114,-321.456055,3584.705566
-450.547821,-320.273834,3576.798584
-454.942474,-323.047028,3580.006836
-456.833771,-327.885376,3579.632568
-459.660126,-327.793945,3582.299072
-459.510315,-331.713501,3577.999023
-462.918457,-332.336731,3579.554199
-463.425232,-327.339508,3585.429443
-465.434784,-321.901093,3586.643555
-467.605835,-326.204803,3586.926270
-466.741394,-319.131317,3584.864014
-452.813446,-328.070038,3575.965088
-447.530334,-315.195068,3571.003418
-455.274109,-314.534668,3575.473633
-462.432739,-314.793182,3578.768555
-468.513550,-317.290253,3580.765869
-456.421539,-312.710785,3569.658936
-464.119720,-314.421600,3573.630859
-468.787781,-317.295380,3575.976807
-459.119965,-314.667633,3564.201904
-465.809692,-316.312622,3569.600342
-449.728485,-314.547577,3557.807373
-447.512939,-312.844879,3564.318359
-468.781281,-317.934998,3572.671875
-471.360443,-323.900421,3585.338867
-472.399170,-322.209717,3580.465332
-464.599548,-333.434723,3575.025879
-466.429047,-331.767517,3582.473633
-469.209778,-332.353363,3578.392090
-465.323456,-333.161285,3569.375000
-470.576233,-330.839203,3573.806641
-471.892059,-329.564697,3582.121826
-469.173553,-330.227173,3584.989746
-443.470062,-315.569092,3553.449951
-447.404388,-320.500031,3550.347656
-453.556610,-320.174408,3554.388672
-461.897003,-319.711670,3560.737305
-456.911926,-326.807098,3554.260986
-458.499908,-332.647217,3558.033936
-465.967712,-330.751038,3564.234863
-464.706055,-325.709595,3560.903076
-470.772736,-328.192719,3569.951660
-469.589233,-324.435822,3567.434570
-467.748688,-320.055115,3567.567871
-472.411743,-325.160919,3573.880127
-473.054657,-327.464691,3577.840576
-471.640533,-321.267303,3575.912598
-471.160461,-323.461304,3571.318359
-470.257629,-320.618866,3572.149902
-444.053955,-328.226624,3431.972656
-447.206787,-327.302887,3438.040039
-438.840973,-326.006653,3440.100830
-428.876709,-324.297760,3441.862549
-418.698669,-326.160919,3437.064697
-430.766418,-325.182983,3449.248291
-440.815277,-326.908905,3447.149902
-452.019867,-328.905212,3445.085693
-424.335236,-325.599182,3457.130615
365.977142,-611.167358,3632.400391
369.193481,-612.455688,3634.200684
366.676941,-604.790405,3631.956787
364.036133,-604.927429,3630.266113
374.031342,-605.246887,3634.498535
369.434540,-604.530212,3633.952881
374.036530,-613.285583,3635.289551
379.528809,-613.133972,3634.945801
387.360962,-609.130798,3632.552490
389.091797,-607.788391,3632.759521
388.167450,-606.795715,3633.381836
385.848785,-606.668091,3633.492188
382.084595,-606.134399,3634.495850
361.243073,-607.239502,3627.446533
362.151794,-608.554565,3628.580078
363.746887,-609.917053,3630.470947
378.132751,-605.696533,3634.809082
362.134369,-605.413940,3628.492432
361.230927,-606.115173,3627.415039
384.075195,-611.857117,3633.629639
373.750122,-607.663391,3634.574219
369.704559,-607.321472,3633.605225
373.632751,-610.599854,3634.891602
378.493134,-610.684204,3635.002686
384.235626,-607.835144,3633.819824
381.698425,-607.927490,3634.507080
366.597046,-606.911926,3631.992188
377.966125,-607.958923,3634.835693
369.271820,-609.919739,3633.817383
382.505798,-610.008118,3634.348877
384.811890,-609.010437,3633.509033
361.993744,-607.116638,3628.077637
361.971954,-606.678101,3628.066895
388.791748,-347.538544,3619.333496
388.079712,-331.136749,3628.516357
366.327759,-609.088623,3632.052246
362.847015,-606.643860,3628.997803
364.396942,-606.726685,3630.364746
364.255035,-608.352722,3630.325439
362.812622,-607.667236,3628.944336
74.317635,-337.002167,3558.084229
75.428993,-355.226685,3555.734375
74.754478,-392.687164,3507.195312
78.459084,-391.239746,3482.651855
322.888733,-14.908939,3704.749756
275.467590,-70.765060,3453.220947
272.238770,-92.299553,3448.572998
363.528137,-86.920036,3420.749756
339.455353,-82.996742,3421.234131
236.598846,-52.533737,3586.980225
237.713394,-74.356812,3585.196289
281.714508,-42.373875,3658.614746
281.877014,-66.957176,3656.140381
245.787292,-26.239492,3615.976562
312.083893,-31.253853,3435.742920
289.189331,-30.760550,3444.088379
293.950806,-52.887547,3442.484863
315.474060,-54.902912,3431.907471
386.334808,-90.308853,3427.001709
385.615814,-62.577606,3432.895752
230.881134,-97.766472,3554.470215
230.109512,-99.451271,3523.388184
248.630188,-107.266350,3466.923096
265.795990,-113.336449,3444.716064
287.112122,-121.797935,3429.662109
310.919952,-130.487274,3419.666016
300.045135,-90.894577,3673.707520
322.214111,-115.045876,3684.366211
238.403305,-96.550362,3584.426514
374.146545,-90.786453,3710.409424
332.373993,-165.357666,3410.382324
359.829010,-170.201660,3407.845947
236.480133,-102.808403,3493.760010
369.829407,-282.557312,3647.810791
349.914337,-285.450592,3646.579346
350.659119,-268.417969,3655.072754
370.416565,-264.676880,3655.009033
331.892609,-270.057343,3653.356201
313.814758,-270.448151,3649.808105
297.116089,-270.342621,3645.441406
256.045654,-265.510010,3629.323486
268.219635,-267.860687,3635.082275
236.579224,-255.919037,3614.022705
245.389740,-261.717255,3622.523438
231.575363,-245.733917,3602.135498
230.222382,-233.547989,3586.838379
222.573441,-235.157898,3564.728760
226.883682,-221.030884,3570.419434
234.693436,-219.459808,3593.634521
238.172287,-231.914825,3607.668701
243.400635,-241.383820,3619.212891
384.564209,-192.496246,3671.796143
388.026184,-218.506210,3665.046631
390.309998,-363.186584,3610.872803
-155.716003,-327.754028,3446.907959
-296.398987,-361.980682,3513.593750
386.908447,-384.138794,3433.225098
368.715942,-388.837830,3432.558350
308.801239,-405.302521,3448.242432
293.482178,-417.139679,3468.559082
329.884460,-393.511322,3435.417969
349.756470,-383.867981,3428.866211
251.838989,-116.898376,3611.456299
367.230530,-348.486969,3416.694092
348.406006,-371.039917,3422.724609
326.842743,-381.109253,3428.075928
303.686981,-393.446045,3440.068359
280.337097,-407.312805,3460.710449
261.668671,-407.351654,3467.717041
235.310898,-390.102631,3460.224365
223.843735,-390.955933,3465.415283
211.600906,-393.070404,3469.279297
210.723862,-407.858246,3487.042725
223.872894,-406.328003,3483.307861
115.117104,-391.583130,3473.729736
98.888901,-384.693756,3469.265869
88.760796,-374.328125,3461.522461
83.614738,-361.459137,3454.257080
84.220200,-347.273346,3448.428711
90.166687,-332.624084,3445.851318
102.701065,-319.809784,3447.578857
145.047577,-295.974976,3457.421143
161.272964,-287.101135,3460.434570
198.519287,-245.698898,3455.155518
208.603455,-236.934616,3451.686279
235.354095,-210.168228,3443.053467
248.877380,-196.137787,3439.531738
261.496246,-180.266434,3434.541504
298.773712,79.995766,3439.001221
277.120514,76.903137,3450.096924
278.527435,57.387798,3451.773438
301.074158,60.765789,3442.568359
353.637177,19.556850,3438.259521
378.875977,21.316021,3442.170410
227.514603,56.156994,3511.576660
222.931732,60.384033,3540.532471
257.070129,54.987728,3466.395264
239.970932,54.725929,3486.510254
227.270081,67.685921,3570.604248
290.289917,107.312469,3661.864502
311.867950,114.353355,3679.264404
357.146515,122.635246,3700.586914
378.390778,124.969513,3704.728271
237.944366,77.620117,3597.295654
334.673401,119.373230,3692.183105
252.226349,88.463829,3620.470459
270.190613,98.730865,3641.902832
328.773682,17.903700,3436.573975
326.237610,41.814060,3438.843994
302.813812,39.358334,3441.976807
365.326447,-242.516144,3403.632324
342.663940,-245.079315,3400.254395
319.921021,-249.842758,3399.408936
301.928253,-275.177429,3400.617676
297.490601,-256.093140,3402.310791
277.202881,-263.989502,3409.090088
281.793060,-282.881104,3407.949219
243.985336,-299.266235,3425.735840
242.155853,-282.529175,3427.965088
227.368576,-290.998932,3432.739746
229.013840,-306.762634,3430.070801
213.632904,-298.274994,3436.251709
201.314667,-303.637512,3441.014893
187.380737,-309.409821,3445.087402
171.738754,-315.588165,3446.328369
177.417435,-342.391449,3443.585205
191.889969,-336.305817,3441.724121
244.877487,-317.327850,3425.347412
264.243103,-310.301270,3418.490723
367.064667,-282.301270,3403.171143
386.758728,-279.280975,3408.399170
220.009033,-213.308380,3551.371338
213.434494,-206.639999,3530.171387
209.654922,-203.345612,3509.285889
210.525772,-203.599503,3491.177734
212.935577,-206.964920,3473.104248
218.786728,-212.373352,3458.351807
217.719772,-228.661957,3448.696777
226.066605,-220.091110,3446.070557
223.844421,-238.950424,3440.157227
233.952408,-230.129562,3436.229492
242.477936,-242.569885,3428.595947
251.717926,-256.753967,3422.525146
258.958008,-272.947021,3419.122803
262.903870,-290.993988,3417.557129
283.992645,-303.086212,3409.647705
303.943939,-295.843109,3402.341309
325.203583,-310.313416,3402.607422
325.358032,-329.343719,3407.854736
325.166107,-290.296021,3398.878906
324.647614,-269.795776,3397.681641
323.843292,-430.514587,3469.536865
341.023956,-422.879822,3456.333252
115.921822,-332.442963,3446.432129
117.854416,-324.979004,3446.636230
111.564545,-323.542145,3446.720703
104.565559,-333.740204,3446.347412
100.659042,-345.733917,3447.693359
115.801689,-353.598907,3449.372803
114.332825,-342.881256,3447.266846
101.143333,-358.004089,3451.537842
105.505112,-369.081360,3456.420410
119.507401,-364.018158,3452.747314
112.966713,-378.345123,3461.227539
124.455750,-372.823700,3456.298096
123.597145,-384.446167,3464.182373
128.929794,-378.443604,3459.180420
165.782410,-372.418701,3452.945801
151.971939,-375.436157,3455.388672
138.500214,-377.274231,3457.726318
155.539749,-322.826477,3446.402100
140.824142,-331.502045,3446.013428
127.322792,-338.699707,3445.976074
129.324860,-348.963409,3447.301758
143.083923,-342.265472,3445.917725
157.704086,-334.349030,3444.819336
367.620026,-264.180969,3402.126953
346.535614,-266.754913,3399.154785
215.348099,-312.670959,3434.311523
203.432541,-316.917206,3438.307861
190.127609,-320.960297,3442.212158
174.373077,-327.776245,3443.770996
204.065948,-331.520508,3437.839111
216.606049,-327.806122,3434.241699
230.134018,-323.303467,3429.923828
346.286652,-286.222961,3399.648926
386.883850,-261.887848,3406.252930
200.274048,-373.525024,3581.988525
203.058716,-399.177979,3566.192627
204.449829,-414.806305,3540.852051
207.431961,-417.455750,3512.279785
-68.982033,-298.862396,3493.256348
383.510681,-35.171761,3438.775146
381.196381,-7.206112,3442.082520
356.853912,-7.083952,3437.863770
384.165680,-172.824890,3413.344727
385.685547,-240.837387,3407.847900
287.797089,-237.779892,3655.600830
301.065765,-238.868622,3660.364014
299.562897,-254.540863,3653.635498
285.558716,-253.645065,3648.562988
265.706787,-235.700974,3642.455322
276.044708,-237.000290,3649.543457
272.826782,-252.417084,3642.533936
261.513428,-250.441162,3635.804199
256.659027,-232.839554,3634.683105
251.589355,-247.116135,3628.438965
277.661163,-220.893158,3656.042969
288.741486,-221.695816,3662.189209
302.014526,-222.972839,3665.746338
260.548553,-218.660690,3640.824951
268.460083,-220.215683,3648.543213
400.690430,-478.226501,3643.096191
400.165680,-486.446716,3657.815186
405.946289,-534.395081,3668.052734
406.371521,-539.263000,3665.592041
394.072235,-386.169220,3599.460693
395.484894,-396.854065,3598.898682
389.236359,-240.502029,3658.945312
389.490082,-278.218597,3647.426270
388.872528,-296.672058,3642.457275
388.297363,-314.163422,3636.501221
391.720612,-375.795349,3604.191650
389.578094,-259.658356,3653.181641
236.045700,250.124283,3475.944092
255.470596,266.764526,3455.137939
248.742661,239.519775,3458.155273
262.911591,252.155899,3443.763672
234.915710,169.032959,3481.891113
236.935242,196.049088,3476.138428
232.647110,140.937134,3484.394043
283.350525,260.632294,3430.131348
309.074677,264.257721,3420.331055
311.666595,244.489075,3413.126953
250.473495,143.513657,3458.983887
251.113770,170.508499,3456.661133
256.760010,233.509094,3448.661865
241.047546,219.902313,3468.562988
254.389771,218.306122,3450.344238
286.859375,242.635422,3422.967041
267.953278,238.410950,3436.774902
345.328949,84.796860,3429.187012
372.293304,105.783936,3419.695801
343.162964,105.047691,3420.888672
256.987701,74.396759,3466.633301
274.559265,97.553802,3445.733398
269.651917,220.031494,3434.051270
289.207733,221.882584,3419.189697
314.386353,222.389313,3408.398193
315.691650,147.842316,3411.667480
315.954498,172.052887,3407.513672
291.629181,172.664917,3418.474609
291.466248,147.078964,3422.494385
271.876404,120.034531,3441.320312
270.010773,145.887695,3438.237305
316.473114,124.436989,3417.946289
293.200317,122.184158,3427.446533
296.134491,100.213257,3433.382812
269.806549,172.434128,3435.396240
344.717957,197.781555,3401.550293
315.663879,197.492035,3406.235840
375.222046,197.537842,3403.300293
318.551758,102.927399,3425.332764
321.053131,82.649887,3432.636475
323.980255,63.066452,3438.110352
332.264343,-6.992668,3436.472656
285.968414,523.778503,3628.632324
403.673492,319.973541,3576.417725
403.357971,308.467957,3544.979492
216.737930,224.381744,3599.860352
214.184708,234.163879,3521.111816
227.456696,225.487625,3492.184570
376.563934,324.702545,3650.553467
392.634308,329.168945,3626.571045
236.486252,237.305191,3628.970947
293.471649,293.209717,3669.343750
400.779510,327.725403,3602.460449
252.792953,195.739929,3453.565674
269.873932,197.756317,3433.914307
290.690735,198.241714,3417.654053
343.841370,221.768082,3404.212402
375.310944,220.568329,3407.074707
382.605042,275.382507,3687.303467
385.722473,266.075470,3694.344482
393.383942,269.285736,3696.228271
393.324768,284.132751,3687.275879
293.869537,129.683029,3659.351074
317.332184,136.685928,3674.012939
361.988190,145.282242,3692.345947
381.448730,147.768890,3696.709717
235.721436,97.780525,3598.681152
340.630890,141.758118,3684.873047
250.264938,109.291794,3621.614990
270.580994,120.575279,3641.627197
327.308502,1012.883911,3506.287109
328.391205,1045.692383,3510.990479
327.616272,1044.049683,3495.165039
330.044128,1010.563599,3490.690430
314.616547,1006.118286,3461.531982
326.075348,1008.033020,3469.120850
299.324493,1006.003357,3460.048584
301.409241,1040.355225,3458.969727
288.753784,1041.396851,3467.226318
284.957825,1007.586243,3465.449707
274.773956,1008.792175,3475.164307
271.062439,1043.362427,3488.744629
269.928528,1042.945801,3508.526123
264.849579,1011.175171,3507.184814
267.732910,1009.890808,3487.606934
269.377197,1015.929443,3529.081543
274.032166,1046.421509,3530.137695
285.079651,1018.891785,3540.124268
321.570404,1016.417725,3522.757080
324.409821,1047.926880,3529.148926
316.732330,1040.371216,3459.130859
326.463104,1042.005737,3471.254639
331.052643,1009.614258,3479.765625
327.208344,1043.045776,3483.754639
330.318634,1076.577148,3500.147461
335.460205,1076.997803,3517.756348
318.728333,1072.843994,3458.625977
322.911743,1074.235229,3474.627930
293.757568,1073.707153,3469.192139
304.150970,1072.651855,3456.459717
270.705597,1075.336182,3489.484619
278.676910,1042.475464,3476.560303
281.088165,1074.688721,3478.029297
268.493286,1074.163696,3509.985107
273.755615,1075.618042,3535.656738
330.988037,1077.142944,3538.172852
325.792999,1075.755615,3487.664795
267.594055,1179.438599,3713.683838
275.464844,1180.730835,3715.485107
274.089264,1174.449219,3713.783691
269.163147,1174.158325,3712.932129
312.092407,1181.934814,3724.250732
324.579712,1186.487915,3721.920410
323.990967,1172.924561,3724.067383
315.077728,1170.683594,3726.022705
292.487213,1181.999390,3724.218506
283.743073,1181.470825,3723.623047
285.831024,1185.677979,3720.334961
291.195374,1185.727539,3720.750000
243.600082,1174.676147,3679.652100
237.518600,1174.481201,3676.679688
238.627380,1178.920044,3675.307861
242.956604,1179.539673,3676.759766
257.886902,1179.428833,3700.363525
251.578812,1179.464844,3697.895020
252.789551,1183.547241,3695.414062
257.001038,1184.638916,3697.057129
310.880768,1164.302368,3701.556641
312.022400,1166.273804,3717.067627
326.522278,1169.129639,3713.994141
327.507019,1163.536499,3698.786377
332.170471,1180.405884,3709.730713
322.918091,1186.292847,3706.572021
323.929779,1186.383057,3690.827393
333.587585,1176.978394,3692.738770
309.780090,1186.113159,3708.913574
309.149750,1186.037109,3694.593750
302.047577,1176.594238,3699.445068
301.490173,1176.527954,3715.495605
281.249115,1174.535034,3702.193359
278.651306,1177.958984,3715.175293
285.196320,1171.138062,3716.443359
286.621735,1166.103638,3703.171387
294.338928,1172.109131,3717.740479
298.951233,1167.398926,3704.280273
301.884125,1179.288574,3702.174561
300.039673,1180.275635,3717.271973
294.136780,1185.740234,3712.973145
296.228912,1185.031128,3698.500488
286.095428,1183.748047,3698.453369
284.367157,1185.581665,3712.223389
266.659973,1165.108643,3694.664062
267.694824,1171.183838,3706.691162
275.998352,1172.106934,3707.508301
278.289856,1166.879150,3696.902100
280.211578,1181.469971,3707.492920
274.375732,1185.206177,3705.688721
276.049042,1183.890381,3694.118164
281.789886,1178.903809,3697.082520
265.738037,1182.330322,3692.969971
266.244598,1184.977783,3704.978516
261.166168,1172.565674,3695.271729
262.046051,1177.497681,3706.165771
244.664902,1172.243774,3679.945801
246.924545,1177.141479,3689.994629
250.306488,1170.805908,3691.366943
248.485245,1164.463745,3680.599854
256.921600,1170.581055,3693.347900
257.426453,1165.682739,3685.031494
261.452667,1176.559937,3694.158936
258.568420,1184.753174,3691.608643
257.820068,1182.351807,3682.650146
260.725861,1173.145752,3687.076904
250.923187,1184.559082,3689.611328
248.860229,1181.553101,3678.740479
233.633774,1164.106567,3661.324463
231.844574,1172.318481,3657.664551
233.407608,1173.619507,3669.329102
235.861969,1167.508545,3670.806396
241.846710,1166.922363,3673.623047
240.985840,1163.620239,3667.034180
245.800354,1172.722778,3674.015381
244.294800,1180.334106,3671.296387
243.259689,1179.505127,3664.598389
243.755920,1170.662842,3668.851318
237.024841,1179.843384,3669.267334
236.249268,1178.702148,3659.688232
327.037323,1158.856689,3682.896729
305.611603,1162.909058,3686.727051
321.184509,1186.358643,3717.074951
332.763916,1174.445435,3676.242188
313.784515,1186.282593,3718.009521
304.169189,1185.328979,3681.000732
322.526917,1185.368286,3674.315186
302.872528,1176.519165,3692.575439
285.886566,1175.347290,3723.036865
282.553253,1175.896118,3691.271240
282.260468,1183.870850,3680.410156
291.246460,1175.854004,3723.904785
284.435852,1162.511841,3684.977051
264.037018,1162.912109,3675.346436
273.015076,1185.284180,3712.550537
268.678375,1185.202881,3711.993408
261.615173,1182.904907,3673.475830
260.307129,1171.433228,3685.124512
252.293167,1174.254639,3697.447021
242.879089,1169.840088,3669.182617
245.225433,1181.434814,3660.924805
256.102875,1174.149292,3698.417725
245.510895,1160.879883,3662.612549
238.769974,1170.633545,3675.618896
229.546036,1172.022583,3643.192871
234.310532,1180.280029,3647.213623
241.983368,1170.068481,3677.486816
232.809525,1161.522827,3648.966064
312.808380,1019.363892,3535.499268
314.726532,1049.391968,3543.046875
300.498779,1020.699280,3542.023926
287.977081,1049.532227,3543.423340
302.071564,1051.229736,3547.083008
318.541473,1077.427368,3554.265625
288.677216,1077.969116,3550.561035
303.814819,1077.990112,3557.885254
269.731384,1099.709717,3486.746826
265.707031,1100.092163,3508.135254
283.779114,1098.814453,3476.994141
304.722321,1097.024902,3452.291504
294.487946,1097.943970,3465.007324
320.438080,1099.994141,3566.363770
331.791412,1102.356445,3545.181396
303.942627,1098.843628,3572.501709
285.192871,1098.547974,3563.753662
331.487579,1153.497925,3663.932129
331.415771,1152.263916,3639.612061
314.939178,1139.806519,3644.315674
309.960541,1150.111206,3666.233154
292.483643,1140.471924,3639.735107
288.706360,1152.958862,3661.890381
272.299652,1143.500122,3630.809326
268.349274,1153.585449,3653.303711
254.848175,1147.981445,3619.664551
249.733551,1155.114868,3641.974854
240.386642,1156.119873,3608.119629
234.659744,1159.403809,3630.942627
231.154633,1167.791870,3601.174805
227.012756,1170.871948,3624.446289
336.428040,1173.415405,3656.644043
335.065308,1170.736816,3633.100586
324.140991,1186.643799,3653.169922
323.231934,1186.737549,3629.275635
304.071625,1186.627686,3652.686523
304.426208,1186.531738,3627.496826
235.711899,1182.003784,3603.153320
232.933304,1183.252075,3627.535400
282.996582,1185.444580,3648.884033
283.893829,1184.535278,3622.992920
263.260284,1185.669922,3642.402588
264.735992,1184.859009,3616.214600
246.593155,1185.495850,3634.638672
248.590027,1185.247925,3608.965576
319.684875,1132.108887,3617.527344
297.245300,1125.597046,3616.686279
277.686829,1130.336548,3606.068604
261.196655,1137.946899,3593.375977
248.278702,1150.359619,3581.322998
237.784927,1162.622925,3575.115967
263.023804,1123.374512,3561.906494
255.300049,1146.388306,3552.165283
247.276962,1160.347656,3548.718506
260.730927,1144.103027,3523.101562
255.554047,1158.870972,3522.339111
270.883606,1142.753784,3476.358643
264.425812,1159.072632,3474.322754
260.639313,1157.660767,3496.079102
266.000854,1142.539795,3496.719971
264.866821,1122.903564,3528.973389
268.469269,1121.795898,3501.595459
274.922485,1120.980225,3482.174316
283.342682,1159.661499,3448.470459
271.670624,1159.914551,3459.608398
276.154327,1142.364258,3461.811768
285.234558,1141.208130,3448.669922
303.171478,1141.852661,3440.858887
301.679718,1160.838867,3444.080078
321.010315,1144.114990,3452.671387
320.486084,1162.802979,3453.458740
290.033844,1118.996826,3456.838379
283.020844,1120.513916,3469.420410
303.377197,1118.336670,3447.357422
319.655487,1120.558716,3456.787598
322.777039,1122.438477,3475.396729
326.450348,1145.947876,3473.271240
328.934143,1163.803589,3473.014404
330.668091,1150.403687,3611.070557
330.283112,1165.796265,3605.833496
280.946167,1114.011108,3583.453857
302.143463,1112.167358,3593.159180
323.857178,1121.230591,3584.438477
332.634735,1146.617188,3580.505371
327.246185,1162.757202,3575.900146
326.237793,1161.648560,3548.709229
333.906372,1147.262329,3551.457520
320.730560,1178.234619,3601.739258
317.140076,1171.033203,3572.711914
317.231384,1169.190674,3546.203125
327.819580,1162.011108,3525.002686
333.093506,1147.156494,3526.521240
327.795746,1162.129639,3505.793457
329.820953,1145.975342,3506.282959
327.852478,1145.771729,3490.343994
329.139160,1162.990845,3490.104492
329.860657,1123.851562,3505.431152
326.282501,1122.576294,3491.084717
334.160797,1125.800903,3526.082520
334.101593,1124.957275,3552.145996
241.182465,1177.856689,3576.250000
249.090851,1173.732300,3549.731201
257.438843,1170.025391,3523.853760
263.240326,1170.377930,3498.075195
269.957550,1171.854248,3478.147461
276.815369,1172.445312,3465.391357
301.830750,1171.334473,3453.050537
286.826447,1171.708618,3455.804443
315.256256,1172.852783,3459.342041
321.071533,1174.661377,3475.311279
322.136108,1175.478027,3489.489014
319.650818,1171.414795,3522.947021
321.737885,1174.374634,3504.928711
337.025085,1103.460815,3522.274658
333.154938,1102.348145,3502.486328
327.791443,1100.966431,3489.554443
319.527985,1097.984741,3459.515869
322.630188,1099.406006,3476.714111
304.512726,1182.332764,3598.446777
285.339539,1181.275146,3593.602783
267.455353,1181.734985,3587.081543
252.878128,1181.882324,3580.922852
258.519348,1178.345947,3553.399658
271.661652,1178.427734,3558.071045
288.186981,1178.394531,3563.588867
304.521606,1175.770508,3569.062012
266.033600,1175.988647,3527.604004
277.578156,1177.146240,3532.051514
292.402740,1177.282837,3536.577148
306.232117,1175.012329,3542.366455
309.888794,1177.435669,3518.737061
297.756134,1178.438477,3512.604004
284.715942,1177.740112,3508.429443
273.615967,1175.849731,3503.451172
279.882355,1176.176270,3484.794434
290.279938,1177.478027,3490.598877
301.906403,1178.533081,3495.576904
311.829926,1178.343506,3500.455811
285.149963,1175.880859,3473.381348
300.660004,1175.459106,3462.047363
291.521851,1175.584351,3465.794189
309.410278,1176.688721,3465.439453
312.393951,1177.651367,3476.394287
312.720764,1178.314453,3487.990234
303.747345,1177.899658,3484.550537
304.717133,1177.303101,3476.082275
293.452637,1176.907837,3480.571533
296.804962,1176.336060,3472.677490
304.700531,1176.621216,3469.669678
300.645996,1176.141724,3468.155029
272.925842,1102.105591,3540.496338
301.050659,708.121338,3585.060791
317.266937,704.366577,3578.193115
282.947968,706.999329,3586.757080
263.730103,249.987686,3653.008057
300.791016,-16.737617,3684.580322
299.962463,-66.031395,3677.256348
300.520416,-41.285618,3680.915283
261.631317,284.560944,3657.914551
250.871307,-94.516068,3610.654297
282.039337,-269.609192,3640.570312
322.131866,-585.438965,3546.582520
323.860779,-581.922607,3545.481689
324.615173,-578.348572,3543.571289
325.167786,-575.839600,3540.254150
325.835083,-573.825745,3536.787598
327.410217,-573.369385,3533.492676
322.872589,-579.474121,3540.566650
325.806671,-582.523132,3537.151123
325.113739,-583.968384,3539.406006
322.514343,-582.020996,3542.363281
